########## wrom3 : EXT  Çrş 09 Eyl 2026 09:04:19 +03 ##########
Çrş 09 Eyl 2026 09:04:19 +03: Starting GDS to MAG using Magic /nix/store/1zcyq032zc3mzhmgs2j3q2rmfrjj5v6b-magic-vlsi-8.3.629/bin/magic

Magic 8.3 revision 629 - Compiled on Thu Apr  9 04:26:22 UTC 2026.
Starting magic under Tcl interpreter
Using the terminal as the console.
WARNING: RLIMIT_NOFILE is above 1024 and Tcl_Version<9 this may cause runtime issues [rlim_cur=1048576]
Using NULL graphics device.
Processing system .magicrc file
Switching to WIRING tool.
Switching to NETLIST tool.
Switching to PICK tool.
Switching to BOX tool.
Sourcing design .magicrc for technology sky130A ...
2 Magic internal units = 1 Lambda
Input style sky130(): scaleFactor=2, multiplier=2
The following types are not handled by extraction and will be treated as non-electrical types:
    ubm 
Scaled tech values by 2 / 1 to match internal grid scaling
Loading sky130A Device Generator Menu ...
Using technology "sky130A", version 1.0.530-0-g8afc834
Warning: Calma reading is not undoable!  I hope that's OK.
Library written using GDS-II Release 5.0
Library name: DEFAULT.DB
Reading "wrom3".
Reading "wrom3_rom_base_array".
Reading "wrom3_rom_poly_tap".
Reading "wrom3_contact_11".
Saving contents of cell wrom3_contact_11
Reading "wrom3_contact_12".
Saving contents of cell wrom3_contact_12
Reading "wrom3_contact_13".
Saving contents of cell wrom3_contact_13
Error while reading cell "wrom3_rom_poly_tap" (byte position 5282166): Warning:  Cell wrom3_rom_poly_tap boundary was redefined.
Reading "wrom3_rom_base_zero_cell".
Reading "wrom3_nmos_m1_w0_360_sm1_dm1".
Reading "wrom3_contact_8".
Saving contents of cell wrom3_contact_8
Reading "wrom3_contact_9".
Saving contents of cell wrom3_contact_9
Saving contents of cell wrom3_nmos_m1_w0_360_sm1_dm1
Error while reading cell "wrom3_rom_base_zero_cell" (byte position 5284248): Warning:  Cell wrom3_rom_base_zero_cell boundary was redefined.
Reading "wrom3_rom_base_one_cell".
Error while reading cell "wrom3_rom_base_one_cell" (byte position 5286978): Warning:  Cell wrom3_rom_base_one_cell boundary was redefined.
    5000 uses
    10000 uses
    15000 uses
    20000 uses
    25000 uses
    30000 uses
    35000 uses
Reading "wrom3_rom_precharge_array".
Reading "wrom3_rom_poly_tap_0".
Error while reading cell "wrom3_rom_poly_tap_0" (byte position 5394214): Warning:  Cell wrom3_rom_poly_tap_0 boundary was redefined.
Reading "wrom3_precharge_cell".
Reading "wrom3_pmos_m1_w0_420_sli_dm1".
Reading "wrom3_contact_10".
Saving contents of cell wrom3_contact_10
Reading "wrom3_contact_14".
Saving contents of cell wrom3_contact_14
Saving contents of cell wrom3_pmos_m1_w0_420_sli_dm1
Reading "wrom3_contact_15".
Saving contents of cell wrom3_contact_15
Error while reading cell "wrom3_precharge_cell" (byte position 5395288): Warning:  Cell wrom3_precharge_cell boundary was redefined.
Error while reading cell "wrom3_precharge_cell" (byte position 5395288): Warning:  Cell wrom3_precharge_cell boundary was redefined.
Error while reading cell "wrom3_precharge_cell" (byte position 5395288): Warning:  Cell wrom3_precharge_cell boundary was redefined.
Error while reading cell "wrom3_precharge_cell" (byte position 5395288): Warning:  Cell wrom3_precharge_cell boundary was redefined.
Error while reading cell "wrom3_rom_precharge_array" (byte position 5393650): Warning:  Cell wrom3_rom_precharge_array boundary was redefined.
Error while reading cell "wrom3_rom_precharge_array" (byte position 5393650): Warning:  Cell wrom3_rom_precharge_array boundary was redefined.
Error while reading cell "wrom3_rom_precharge_array" (byte position 5393650): Warning:  Cell wrom3_rom_precharge_array boundary was redefined.
Error while reading cell "wrom3_rom_precharge_array" (byte position 5393650): Warning:  Cell wrom3_rom_precharge_array boundary was redefined.
Error while reading cell "wrom3_rom_precharge_array" (byte position 5393650): Warning:  Cell wrom3_rom_precharge_array boundary was redefined.
Error while reading cell "wrom3_rom_precharge_array" (byte position 5393650): Warning:  Cell wrom3_rom_precharge_array boundary was redefined.
Error while reading cell "wrom3_rom_precharge_array" (byte position 5393650): Warning:  Cell wrom3_rom_precharge_array boundary was redefined.
Error while reading cell "wrom3_rom_precharge_array" (byte position 5393650): Warning:  Cell wrom3_rom_precharge_array boundary was redefined.
Error while reading cell "wrom3_rom_precharge_array" (byte position 5393650): Warning:  Cell wrom3_rom_precharge_array boundary was redefined.
Error while reading cell "wrom3_rom_precharge_array" (byte position 5393650): Warning:  Cell wrom3_rom_precharge_array boundary was redefined.
Error while reading cell "wrom3_rom_precharge_array" (byte position 5393650): Warning:  Cell wrom3_rom_precharge_array boundary was redefined.
Error while reading cell "wrom3_rom_precharge_array" (byte position 5393650): Warning:  Cell wrom3_rom_precharge_array boundary was redefined.
Error while reading cell "wrom3_rom_precharge_array" (byte position 5393650): Warning:  Cell wrom3_rom_precharge_array boundary was redefined.
Error while reading cell "wrom3_rom_precharge_array" (byte position 5393650): Warning:  Cell wrom3_rom_precharge_array boundary was redefined.
Error while reading cell "wrom3_rom_precharge_array" (byte position 5393650): Warning:  Cell wrom3_rom_precharge_array boundary was redefined.
Error while reading cell "wrom3_rom_precharge_array" (byte position 5393650): Warning:  Cell wrom3_rom_precharge_array boundary was redefined.
Error while reading cell "wrom3_rom_precharge_array" (byte position 5393650): Warning:  Cell wrom3_rom_precharge_array boundary was redefined.
Error while reading cell "wrom3_rom_precharge_array" (byte position 5393650): Warning:  Cell wrom3_rom_precharge_array boundary was redefined.
Error while reading cell "wrom3_rom_precharge_array" (byte position 5393650): Warning:  Cell wrom3_rom_precharge_array boundary was redefined.
Error while reading cell "wrom3_rom_precharge_array" (byte position 5393650): Warning:  Cell wrom3_rom_precharge_array boundary was redefined.
Error while reading cell "wrom3_rom_precharge_array" (byte position 5393650): Warning:  Cell wrom3_rom_precharge_array boundary was redefined.
Error while reading cell "wrom3_rom_precharge_array" (byte position 5393650): Warning:  Cell wrom3_rom_precharge_array boundary was redefined.
Error while reading cell "wrom3_rom_precharge_array" (byte position 5393650): Warning:  Cell wrom3_rom_precharge_array boundary was redefined.
Error while reading cell "wrom3_rom_precharge_array" (byte position 5393650): Warning:  Cell wrom3_rom_precharge_array boundary was redefined.
Error while reading cell "wrom3_rom_precharge_array" (byte position 5393650): Warning:  Cell wrom3_rom_precharge_array boundary was redefined.
Error while reading cell "wrom3_rom_precharge_array" (byte position 5393650): Warning:  Cell wrom3_rom_precharge_array boundary was redefined.
Error while reading cell "wrom3_rom_precharge_array" (byte position 5393650): Warning:  Cell wrom3_rom_precharge_array boundary was redefined.
Error while reading cell "wrom3_rom_precharge_array" (byte position 5393650): Warning:  Cell wrom3_rom_precharge_array boundary was redefined.
Error while reading cell "wrom3_rom_precharge_array" (byte position 5393650): Warning:  Cell wrom3_rom_precharge_array boundary was redefined.
Error while reading cell "wrom3_rom_precharge_array" (byte position 5393650): Warning:  Cell wrom3_rom_precharge_array boundary was redefined.
Error while reading cell "wrom3_rom_precharge_array" (byte position 5393650): Warning:  Cell wrom3_rom_precharge_array boundary was redefined.
Error while reading cell "wrom3_rom_precharge_array" (byte position 5393650): Warning:  Cell wrom3_rom_precharge_array boundary was redefined.
Error while reading cell "wrom3_rom_precharge_array" (byte position 5393650): Warning:  Cell wrom3_rom_precharge_array boundary was redefined.
Error while reading cell "wrom3_rom_precharge_array" (byte position 5393650): Warning:  Cell wrom3_rom_precharge_array boundary was redefined.
Error while reading cell "wrom3_rom_precharge_array" (byte position 5393650): Warning:  Cell wrom3_rom_precharge_array boundary was redefined.
Error while reading cell "wrom3_rom_precharge_array" (byte position 5393650): Warning:  Cell wrom3_rom_precharge_array boundary was redefined.
Error while reading cell "wrom3_rom_precharge_array" (byte position 5393650): Warning:  Cell wrom3_rom_precharge_array boundary was redefined.
Error while reading cell "wrom3_rom_precharge_array" (byte position 5393650): Warning:  Cell wrom3_rom_precharge_array boundary was redefined.
Error while reading cell "wrom3_rom_precharge_array" (byte position 5393650): Warning:  Cell wrom3_rom_precharge_array boundary was redefined.
Error while reading cell "wrom3_rom_precharge_array" (byte position 5393650): Warning:  Cell wrom3_rom_precharge_array boundary was redefined.
Error while reading cell "wrom3_rom_precharge_array" (byte position 5393650): Warning:  Cell wrom3_rom_precharge_array boundary was redefined.
Error while reading cell "wrom3_rom_precharge_array" (byte position 5393650): Warning:  Cell wrom3_rom_precharge_array boundary was redefined.
Error while reading cell "wrom3_rom_precharge_array" (byte position 5393650): Warning:  Cell wrom3_rom_precharge_array boundary was redefined.
Error while reading cell "wrom3_rom_precharge_array" (byte position 5393650): Warning:  Cell wrom3_rom_precharge_array boundary was redefined.
Error while reading cell "wrom3_rom_precharge_array" (byte position 5393650): Warning:  Cell wrom3_rom_precharge_array boundary was redefined.
Error while reading cell "wrom3_rom_precharge_array" (byte position 5393650): Warning:  Cell wrom3_rom_precharge_array boundary was redefined.
Error while reading cell "wrom3_rom_precharge_array" (byte position 5393650): Warning:  Cell wrom3_rom_precharge_array boundary was redefined.
Error while reading cell "wrom3_rom_precharge_array" (byte position 5393650): Warning:  Cell wrom3_rom_precharge_array boundary was redefined.
Error while reading cell "wrom3_rom_precharge_array" (byte position 5393650): Warning:  Cell wrom3_rom_precharge_array boundary was redefined.
Error while reading cell "wrom3_rom_precharge_array" (byte position 5393650): Warning:  Cell wrom3_rom_precharge_array boundary was redefined.
Error while reading cell "wrom3_rom_precharge_array" (byte position 5393650): Warning:  Cell wrom3_rom_precharge_array boundary was redefined.
Error while reading cell "wrom3_rom_precharge_array" (byte position 5393650): Warning:  Cell wrom3_rom_precharge_array boundary was redefined.
Error while reading cell "wrom3_rom_precharge_array" (byte position 5393650): Warning:  Cell wrom3_rom_precharge_array boundary was redefined.
Error while reading cell "wrom3_rom_precharge_array" (byte position 5393650): Warning:  Cell wrom3_rom_precharge_array boundary was redefined.
Error while reading cell "wrom3_rom_precharge_array" (byte position 5393650): Warning:  Cell wrom3_rom_precharge_array boundary was redefined.
Error while reading cell "wrom3_rom_precharge_array" (byte position 5393650): Warning:  Cell wrom3_rom_precharge_array boundary was redefined.
Error while reading cell "wrom3_rom_precharge_array" (byte position 5393650): Warning:  Cell wrom3_rom_precharge_array boundary was redefined.
Error while reading cell "wrom3_rom_precharge_array" (byte position 5393650): Warning:  Cell wrom3_rom_precharge_array boundary was redefined.
Error while reading cell "wrom3_rom_precharge_array" (byte position 5393650): Warning:  Cell wrom3_rom_precharge_array boundary was redefined.
Error while reading cell "wrom3_rom_precharge_array" (byte position 5393650): Warning:  Cell wrom3_rom_precharge_array boundary was redefined.
Error while reading cell "wrom3_rom_precharge_array" (byte position 5393650): Warning:  Cell wrom3_rom_precharge_array boundary was redefined.
Error while reading cell "wrom3_rom_precharge_array" (byte position 5393650): Warning:  Cell wrom3_rom_precharge_array boundary was redefined.
Error while reading cell "wrom3_rom_precharge_array" (byte position 5393650): Warning:  Cell wrom3_rom_precharge_array boundary was redefined.
Error while reading cell "wrom3_rom_precharge_array" (byte position 5393650): Warning:  Cell wrom3_rom_precharge_array boundary was redefined.
Error while reading cell "wrom3_rom_precharge_array" (byte position 5393650): Warning:  Cell wrom3_rom_precharge_array boundary was redefined.
Error while reading cell "wrom3_rom_precharge_array" (byte position 5393650): Warning:  Cell wrom3_rom_precharge_array boundary was redefined.
Error while reading cell "wrom3_rom_precharge_array" (byte position 5393650): Warning:  Cell wrom3_rom_precharge_array boundary was redefined.
Error while reading cell "wrom3_rom_precharge_array" (byte position 5393650): Warning:  Cell wrom3_rom_precharge_array boundary was redefined.
Error while reading cell "wrom3_rom_precharge_array" (byte position 5393650): Warning:  Cell wrom3_rom_precharge_array boundary was redefined.
Error while reading cell "wrom3_rom_precharge_array" (byte position 5393650): Warning:  Cell wrom3_rom_precharge_array boundary was redefined.
Error while reading cell "wrom3_rom_precharge_array" (byte position 5393650): Warning:  Cell wrom3_rom_precharge_array boundary was redefined.
Error while reading cell "wrom3_rom_precharge_array" (byte position 5393650): Warning:  Cell wrom3_rom_precharge_array boundary was redefined.
Error while reading cell "wrom3_rom_precharge_array" (byte position 5393650): Warning:  Cell wrom3_rom_precharge_array boundary was redefined.
Error while reading cell "wrom3_rom_precharge_array" (byte position 5393650): Warning:  Cell wrom3_rom_precharge_array boundary was redefined.
Error while reading cell "wrom3_rom_precharge_array" (byte position 5393650): Warning:  Cell wrom3_rom_precharge_array boundary was redefined.
Error while reading cell "wrom3_rom_precharge_array" (byte position 5393650): Warning:  Cell wrom3_rom_precharge_array boundary was redefined.
Error while reading cell "wrom3_rom_precharge_array" (byte position 5393650): Warning:  Cell wrom3_rom_precharge_array boundary was redefined.
Error while reading cell "wrom3_rom_precharge_array" (byte position 5393650): Warning:  Cell wrom3_rom_precharge_array boundary was redefined.
Error while reading cell "wrom3_rom_precharge_array" (byte position 5393650): Warning:  Cell wrom3_rom_precharge_array boundary was redefined.
Error while reading cell "wrom3_rom_precharge_array" (byte position 5393650): Warning:  Cell wrom3_rom_precharge_array boundary was redefined.
Error while reading cell "wrom3_rom_precharge_array" (byte position 5393650): Warning:  Cell wrom3_rom_precharge_array boundary was redefined.
Error while reading cell "wrom3_rom_precharge_array" (byte position 5393650): Warning:  Cell wrom3_rom_precharge_array boundary was redefined.
Error while reading cell "wrom3_rom_precharge_array" (byte position 5393650): Warning:  Cell wrom3_rom_precharge_array boundary was redefined.
Error while reading cell "wrom3_rom_precharge_array" (byte position 5393650): Warning:  Cell wrom3_rom_precharge_array boundary was redefined.
Error while reading cell "wrom3_rom_precharge_array" (byte position 5393650): Warning:  Cell wrom3_rom_precharge_array boundary was redefined.
Error while reading cell "wrom3_rom_precharge_array" (byte position 5393650): Warning:  Cell wrom3_rom_precharge_array boundary was redefined.
Error while reading cell "wrom3_rom_precharge_array" (byte position 5393650): Warning:  Cell wrom3_rom_precharge_array boundary was redefined.
Error while reading cell "wrom3_rom_precharge_array" (byte position 5393650): Warning:  Cell wrom3_rom_precharge_array boundary was redefined.
Error while reading cell "wrom3_rom_precharge_array" (byte position 5393650): Warning:  Cell wrom3_rom_precharge_array boundary was redefined.
Error while reading cell "wrom3_rom_precharge_array" (byte position 5393650): Warning:  Cell wrom3_rom_precharge_array boundary was redefined.
Error while reading cell "wrom3_rom_precharge_array" (byte position 5393650): Warning:  Cell wrom3_rom_precharge_array boundary was redefined.
Error while reading cell "wrom3_rom_precharge_array" (byte position 5393650): Warning:  Cell wrom3_rom_precharge_array boundary was redefined.
Error while reading cell "wrom3_rom_precharge_array" (byte position 5393650): Warning:  Cell wrom3_rom_precharge_array boundary was redefined.
Error while reading cell "wrom3_rom_precharge_array" (byte position 5393650): Warning:  Cell wrom3_rom_precharge_array boundary was redefined.
Error while reading cell "wrom3_rom_precharge_array" (byte position 5393650): Warning:  Cell wrom3_rom_precharge_array boundary was redefined.
Error while reading cell "wrom3_rom_precharge_array" (byte position 5393650): Warning:  Cell wrom3_rom_precharge_array boundary was redefined.
Error while reading cell "wrom3_rom_precharge_array" (byte position 5393650): Warning:  Cell wrom3_rom_precharge_array boundary was redefined.
Error while reading cell "wrom3_rom_precharge_array" (byte position 5393650): Warning:  Cell wrom3_rom_precharge_array boundary was redefined.
Error while reading cell "wrom3_rom_precharge_array" (byte position 5393650): Warning:  Cell wrom3_rom_precharge_array boundary was redefined.
Error while reading cell "wrom3_rom_precharge_array" (byte position 5393650): Warning:  Cell wrom3_rom_precharge_array boundary was redefined.
Error while reading cell "wrom3_rom_precharge_array" (byte position 5393650): Warning:  Cell wrom3_rom_precharge_array boundary was redefined.
Error while reading cell "wrom3_rom_precharge_array" (byte position 5393650): Warning:  Cell wrom3_rom_precharge_array boundary was redefined.
Error while reading cell "wrom3_rom_precharge_array" (byte position 5393650): Warning:  Cell wrom3_rom_precharge_array boundary was redefined.
Error while reading cell "wrom3_rom_precharge_array" (byte position 5393650): Warning:  Cell wrom3_rom_precharge_array boundary was redefined.
Error while reading cell "wrom3_rom_precharge_array" (byte position 5393650): Warning:  Cell wrom3_rom_precharge_array boundary was redefined.
Error while reading cell "wrom3_rom_precharge_array" (byte position 5393650): Warning:  Cell wrom3_rom_precharge_array boundary was redefined.
Error while reading cell "wrom3_rom_precharge_array" (byte position 5393650): Warning:  Cell wrom3_rom_precharge_array boundary was redefined.
Error while reading cell "wrom3_rom_precharge_array" (byte position 5393650): Warning:  Cell wrom3_rom_precharge_array boundary was redefined.
Error while reading cell "wrom3_rom_precharge_array" (byte position 5393650): Warning:  Cell wrom3_rom_precharge_array boundary was redefined.
Error while reading cell "wrom3_rom_precharge_array" (byte position 5393650): Warning:  Cell wrom3_rom_precharge_array boundary was redefined.
Error while reading cell "wrom3_rom_precharge_array" (byte position 5393650): Warning:  Cell wrom3_rom_precharge_array boundary was redefined.
Error while reading cell "wrom3_rom_precharge_array" (byte position 5393650): Warning:  Cell wrom3_rom_precharge_array boundary was redefined.
Error while reading cell "wrom3_rom_precharge_array" (byte position 5393650): Warning:  Cell wrom3_rom_precharge_array boundary was redefined.
Error while reading cell "wrom3_rom_precharge_array" (byte position 5393650): Warning:  Cell wrom3_rom_precharge_array boundary was redefined.
Error while reading cell "wrom3_rom_precharge_array" (byte position 5393650): Warning:  Cell wrom3_rom_precharge_array boundary was redefined.
Error while reading cell "wrom3_rom_precharge_array" (byte position 5393650): Warning:  Cell wrom3_rom_precharge_array boundary was redefined.
Error while reading cell "wrom3_rom_precharge_array" (byte position 5393650): Warning:  Cell wrom3_rom_precharge_array boundary was redefined.
Error while reading cell "wrom3_rom_precharge_array" (byte position 5393650): Warning:  Cell wrom3_rom_precharge_array boundary was redefined.
Error while reading cell "wrom3_rom_precharge_array" (byte position 5393650): Warning:  Cell wrom3_rom_precharge_array boundary was redefined.
Error while reading cell "wrom3_rom_precharge_array" (byte position 5393650): Warning:  Cell wrom3_rom_precharge_array boundary was redefined.
Error while reading cell "wrom3_rom_precharge_array" (byte position 5393650): Warning:  Cell wrom3_rom_precharge_array boundary was redefined.
Error while reading cell "wrom3_rom_precharge_array" (byte position 5393650): Warning:  Cell wrom3_rom_precharge_array boundary was redefined.
Error while reading cell "wrom3_rom_precharge_array" (byte position 5393650): Warning:  Cell wrom3_rom_precharge_array boundary was redefined.
Error while reading cell "wrom3_rom_precharge_array" (byte position 5393650): Warning:  Cell wrom3_rom_precharge_array boundary was redefined.
Error while reading cell "wrom3_rom_precharge_array" (byte position 5393650): Warning:  Cell wrom3_rom_precharge_array boundary was redefined.
Error while reading cell "wrom3_rom_precharge_array" (byte position 5393650): Warning:  Cell wrom3_rom_precharge_array boundary was redefined.
Error while reading cell "wrom3_rom_precharge_array" (byte position 5393650): Warning:  Cell wrom3_rom_precharge_array boundary was redefined.
Error while reading cell "wrom3_rom_precharge_array" (byte position 5393650): Warning:  Cell wrom3_rom_precharge_array boundary was redefined.
Error while reading cell "wrom3_rom_precharge_array" (byte position 5393650): Warning:  Cell wrom3_rom_precharge_array boundary was redefined.
Error while reading cell "wrom3_rom_precharge_array" (byte position 5393650): Warning:  Cell wrom3_rom_precharge_array boundary was redefined.
Error while reading cell "wrom3_rom_precharge_array" (byte position 5393650): Warning:  Cell wrom3_rom_precharge_array boundary was redefined.
Error while reading cell "wrom3_rom_precharge_array" (byte position 5393650): Warning:  Cell wrom3_rom_precharge_array boundary was redefined.
Error while reading cell "wrom3_rom_precharge_array" (byte position 5393650): Warning:  Cell wrom3_rom_precharge_array boundary was redefined.
Error while reading cell "wrom3_rom_precharge_array" (byte position 5393650): Warning:  Cell wrom3_rom_precharge_array boundary was redefined.
Error while reading cell "wrom3_rom_precharge_array" (byte position 5393650): Warning:  Cell wrom3_rom_precharge_array boundary was redefined.
Error while reading cell "wrom3_rom_precharge_array" (byte position 5393650): Warning:  Cell wrom3_rom_precharge_array boundary was redefined.
Error while reading cell "wrom3_rom_precharge_array" (byte position 5393650): Warning:  Cell wrom3_rom_precharge_array boundary was redefined.
Error while reading cell "wrom3_rom_precharge_array" (byte position 5393650): Warning:  Cell wrom3_rom_precharge_array boundary was redefined.
Error while reading cell "wrom3_rom_precharge_array" (byte position 5393650): Warning:  Cell wrom3_rom_precharge_array boundary was redefined.
Error while reading cell "wrom3_rom_precharge_array" (byte position 5393650): Warning:  Cell wrom3_rom_precharge_array boundary was redefined.
Error while reading cell "wrom3_rom_precharge_array" (byte position 5393650): Warning:  Cell wrom3_rom_precharge_array boundary was redefined.
Error while reading cell "wrom3_rom_precharge_array" (byte position 5393650): Warning:  Cell wrom3_rom_precharge_array boundary was redefined.
Error while reading cell "wrom3_rom_precharge_array" (byte position 5393650): Warning:  Cell wrom3_rom_precharge_array boundary was redefined.
Error while reading cell "wrom3_rom_precharge_array" (byte position 5393650): Warning:  Cell wrom3_rom_precharge_array boundary was redefined.
Error while reading cell "wrom3_rom_precharge_array" (byte position 5393650): Warning:  Cell wrom3_rom_precharge_array boundary was redefined.
Error while reading cell "wrom3_rom_precharge_array" (byte position 5393650): Warning:  Cell wrom3_rom_precharge_array boundary was redefined.
Error while reading cell "wrom3_rom_precharge_array" (byte position 5393650): Warning:  Cell wrom3_rom_precharge_array boundary was redefined.
Error while reading cell "wrom3_rom_precharge_array" (byte position 5393650): Warning:  Cell wrom3_rom_precharge_array boundary was redefined.
Error while reading cell "wrom3_rom_precharge_array" (byte position 5393650): Warning:  Cell wrom3_rom_precharge_array boundary was redefined.
Error while reading cell "wrom3_rom_precharge_array" (byte position 5393650): Warning:  Cell wrom3_rom_precharge_array boundary was redefined.
Error while reading cell "wrom3_rom_precharge_array" (byte position 5393650): Warning:  Cell wrom3_rom_precharge_array boundary was redefined.
Error while reading cell "wrom3_rom_precharge_array" (byte position 5393650): Warning:  Cell wrom3_rom_precharge_array boundary was redefined.
Error while reading cell "wrom3_rom_precharge_array" (byte position 5393650): Warning:  Cell wrom3_rom_precharge_array boundary was redefined.
Error while reading cell "wrom3_rom_precharge_array" (byte position 5393650): Warning:  Cell wrom3_rom_precharge_array boundary was redefined.
Error while reading cell "wrom3_rom_precharge_array" (byte position 5393650): Warning:  Cell wrom3_rom_precharge_array boundary was redefined.
Error while reading cell "wrom3_rom_precharge_array" (byte position 5393650): Warning:  Cell wrom3_rom_precharge_array boundary was redefined.
Error while reading cell "wrom3_rom_precharge_array" (byte position 5393650): Warning:  Cell wrom3_rom_precharge_array boundary was redefined.
Error while reading cell "wrom3_rom_precharge_array" (byte position 5393650): Warning:  Cell wrom3_rom_precharge_array boundary was redefined.
Error while reading cell "wrom3_rom_precharge_array" (byte position 5393650): Warning:  Cell wrom3_rom_precharge_array boundary was redefined.
Error while reading cell "wrom3_rom_precharge_array" (byte position 5393650): Warning:  Cell wrom3_rom_precharge_array boundary was redefined.
Error while reading cell "wrom3_rom_precharge_array" (byte position 5393650): Warning:  Cell wrom3_rom_precharge_array boundary was redefined.
Error while reading cell "wrom3_rom_precharge_array" (byte position 5393650): Warning:  Cell wrom3_rom_precharge_array boundary was redefined.
Error while reading cell "wrom3_rom_precharge_array" (byte position 5393650): Warning:  Cell wrom3_rom_precharge_array boundary was redefined.
Error while reading cell "wrom3_rom_precharge_array" (byte position 5393650): Warning:  Cell wrom3_rom_precharge_array boundary was redefined.
Error while reading cell "wrom3_rom_precharge_array" (byte position 5393650): Warning:  Cell wrom3_rom_precharge_array boundary was redefined.
Error while reading cell "wrom3_rom_precharge_array" (byte position 5393650): Warning:  Cell wrom3_rom_precharge_array boundary was redefined.
Error while reading cell "wrom3_rom_precharge_array" (byte position 5393650): Warning:  Cell wrom3_rom_precharge_array boundary was redefined.
Error while reading cell "wrom3_rom_precharge_array" (byte position 5393650): Warning:  Cell wrom3_rom_precharge_array boundary was redefined.
Error while reading cell "wrom3_rom_precharge_array" (byte position 5393650): Warning:  Cell wrom3_rom_precharge_array boundary was redefined.
Error while reading cell "wrom3_rom_precharge_array" (byte position 5393650): Warning:  Cell wrom3_rom_precharge_array boundary was redefined.
Error while reading cell "wrom3_rom_precharge_array" (byte position 5393650): Warning:  Cell wrom3_rom_precharge_array boundary was redefined.
Error while reading cell "wrom3_rom_precharge_array" (byte position 5393650): Warning:  Cell wrom3_rom_precharge_array boundary was redefined.
Error while reading cell "wrom3_rom_precharge_array" (byte position 5393650): Warning:  Cell wrom3_rom_precharge_array boundary was redefined.
Error while reading cell "wrom3_rom_precharge_array" (byte position 5393650): Warning:  Cell wrom3_rom_precharge_array boundary was redefined.
Error while reading cell "wrom3_rom_precharge_array" (byte position 5393650): Warning:  Cell wrom3_rom_precharge_array boundary was redefined.
Error while reading cell "wrom3_rom_precharge_array" (byte position 5393650): Warning:  Cell wrom3_rom_precharge_array boundary was redefined.
Error while reading cell "wrom3_rom_precharge_array" (byte position 5393650): Warning:  Cell wrom3_rom_precharge_array boundary was redefined.
Error while reading cell "wrom3_rom_precharge_array" (byte position 5393650): Warning:  Cell wrom3_rom_precharge_array boundary was redefined.
Error while reading cell "wrom3_rom_precharge_array" (byte position 5393650): Warning:  Cell wrom3_rom_precharge_array boundary was redefined.
Error while reading cell "wrom3_rom_precharge_array" (byte position 5393650): Warning:  Cell wrom3_rom_precharge_array boundary was redefined.
Error while reading cell "wrom3_rom_precharge_array" (byte position 5393650): Warning:  Cell wrom3_rom_precharge_array boundary was redefined.
Error while reading cell "wrom3_rom_precharge_array" (byte position 5393650): Warning:  Cell wrom3_rom_precharge_array boundary was redefined.
Error while reading cell "wrom3_rom_precharge_array" (byte position 5393650): Warning:  Cell wrom3_rom_precharge_array boundary was redefined.
Error while reading cell "wrom3_rom_precharge_array" (byte position 5393650): Warning:  Cell wrom3_rom_precharge_array boundary was redefined.
Error while reading cell "wrom3_rom_precharge_array" (byte position 5393650): Warning:  Cell wrom3_rom_precharge_array boundary was redefined.
Error while reading cell "wrom3_rom_precharge_array" (byte position 5393650): Warning:  Cell wrom3_rom_precharge_array boundary was redefined.
Error while reading cell "wrom3_rom_precharge_array" (byte position 5393650): Warning:  Cell wrom3_rom_precharge_array boundary was redefined.
Error while reading cell "wrom3_rom_precharge_array" (byte position 5393650): Warning:  Cell wrom3_rom_precharge_array boundary was redefined.
Error while reading cell "wrom3_rom_precharge_array" (byte position 5393650): Warning:  Cell wrom3_rom_precharge_array boundary was redefined.
Error while reading cell "wrom3_rom_precharge_array" (byte position 5393650): Warning:  Cell wrom3_rom_precharge_array boundary was redefined.
Error while reading cell "wrom3_rom_precharge_array" (byte position 5393650): Warning:  Cell wrom3_rom_precharge_array boundary was redefined.
Error while reading cell "wrom3_rom_precharge_array" (byte position 5393650): Warning:  Cell wrom3_rom_precharge_array boundary was redefined.
Error while reading cell "wrom3_rom_precharge_array" (byte position 5393650): Warning:  Cell wrom3_rom_precharge_array boundary was redefined.
Error while reading cell "wrom3_rom_precharge_array" (byte position 5393650): Warning:  Cell wrom3_rom_precharge_array boundary was redefined.
Error while reading cell "wrom3_rom_precharge_array" (byte position 5393650): Warning:  Cell wrom3_rom_precharge_array boundary was redefined.
Error while reading cell "wrom3_rom_precharge_array" (byte position 5393650): Warning:  Cell wrom3_rom_precharge_array boundary was redefined.
Error while reading cell "wrom3_rom_precharge_array" (byte position 5393650): Warning:  Cell wrom3_rom_precharge_array boundary was redefined.
Error while reading cell "wrom3_rom_precharge_array" (byte position 5393650): Warning:  Cell wrom3_rom_precharge_array boundary was redefined.
Error while reading cell "wrom3_rom_precharge_array" (byte position 5393650): Warning:  Cell wrom3_rom_precharge_array boundary was redefined.
Error while reading cell "wrom3_rom_precharge_array" (byte position 5393650): Warning:  Cell wrom3_rom_precharge_array boundary was redefined.
Error while reading cell "wrom3_rom_precharge_array" (byte position 5393650): Warning:  Cell wrom3_rom_precharge_array boundary was redefined.
Error while reading cell "wrom3_rom_precharge_array" (byte position 5393650): Warning:  Cell wrom3_rom_precharge_array boundary was redefined.
Error while reading cell "wrom3_rom_precharge_array" (byte position 5393650): Warning:  Cell wrom3_rom_precharge_array boundary was redefined.
Error while reading cell "wrom3_rom_precharge_array" (byte position 5393650): Warning:  Cell wrom3_rom_precharge_array boundary was redefined.
Error while reading cell "wrom3_rom_precharge_array" (byte position 5393650): Warning:  Cell wrom3_rom_precharge_array boundary was redefined.
Error while reading cell "wrom3_rom_precharge_array" (byte position 5393650): Warning:  Cell wrom3_rom_precharge_array boundary was redefined.
Error while reading cell "wrom3_rom_precharge_array" (byte position 5393650): Warning:  Cell wrom3_rom_precharge_array boundary was redefined.
Error while reading cell "wrom3_rom_precharge_array" (byte position 5393650): Warning:  Cell wrom3_rom_precharge_array boundary was redefined.
Error while reading cell "wrom3_rom_precharge_array" (byte position 5393650): Warning:  Cell wrom3_rom_precharge_array boundary was redefined.
Error while reading cell "wrom3_rom_precharge_array" (byte position 5393650): Warning:  Cell wrom3_rom_precharge_array boundary was redefined.
Error while reading cell "wrom3_rom_precharge_array" (byte position 5393650): Warning:  Cell wrom3_rom_precharge_array boundary was redefined.
Error while reading cell "wrom3_rom_precharge_array" (byte position 5393650): Warning:  Cell wrom3_rom_precharge_array boundary was redefined.
Error while reading cell "wrom3_rom_precharge_array" (byte position 5393650): Warning:  Cell wrom3_rom_precharge_array boundary was redefined.
Error while reading cell "wrom3_rom_precharge_array" (byte position 5393650): Warning:  Cell wrom3_rom_precharge_array boundary was redefined.
Error while reading cell "wrom3_rom_precharge_array" (byte position 5393650): Warning:  Cell wrom3_rom_precharge_array boundary was redefined.
Error while reading cell "wrom3_rom_precharge_array" (byte position 5393650): Warning:  Cell wrom3_rom_precharge_array boundary was redefined.
Error while reading cell "wrom3_rom_precharge_array" (byte position 5393650): Warning:  Cell wrom3_rom_precharge_array boundary was redefined.
Error while reading cell "wrom3_rom_precharge_array" (byte position 5393650): Warning:  Cell wrom3_rom_precharge_array boundary was redefined.
Error while reading cell "wrom3_rom_precharge_array" (byte position 5393650): Warning:  Cell wrom3_rom_precharge_array boundary was redefined.
Error while reading cell "wrom3_rom_precharge_array" (byte position 5393650): Warning:  Cell wrom3_rom_precharge_array boundary was redefined.
Error while reading cell "wrom3_rom_precharge_array" (byte position 5393650): Warning:  Cell wrom3_rom_precharge_array boundary was redefined.
Error while reading cell "wrom3_rom_precharge_array" (byte position 5393650): Warning:  Cell wrom3_rom_precharge_array boundary was redefined.
Error while reading cell "wrom3_rom_precharge_array" (byte position 5393650): Warning:  Cell wrom3_rom_precharge_array boundary was redefined.
Error while reading cell "wrom3_rom_precharge_array" (byte position 5393650): Warning:  Cell wrom3_rom_precharge_array boundary was redefined.
Error while reading cell "wrom3_rom_precharge_array" (byte position 5393650): Warning:  Cell wrom3_rom_precharge_array boundary was redefined.
Error while reading cell "wrom3_rom_precharge_array" (byte position 5393650): Warning:  Cell wrom3_rom_precharge_array boundary was redefined.
Error while reading cell "wrom3_rom_precharge_array" (byte position 5393650): Warning:  Cell wrom3_rom_precharge_array boundary was redefined.
Error while reading cell "wrom3_rom_precharge_array" (byte position 5393650): Warning:  Cell wrom3_rom_precharge_array boundary was redefined.
Error while reading cell "wrom3_rom_precharge_array" (byte position 5393650): Warning:  Cell wrom3_rom_precharge_array boundary was redefined.
Error while reading cell "wrom3_rom_precharge_array" (byte position 5393650): Warning:  Cell wrom3_rom_precharge_array boundary was redefined.
Error while reading cell "wrom3_rom_precharge_array" (byte position 5393650): Warning:  Cell wrom3_rom_precharge_array boundary was redefined.
Error while reading cell "wrom3_rom_precharge_array" (byte position 5393650): Warning:  Cell wrom3_rom_precharge_array boundary was redefined.
Error while reading cell "wrom3_rom_precharge_array" (byte position 5393650): Warning:  Cell wrom3_rom_precharge_array boundary was redefined.
Error while reading cell "wrom3_rom_precharge_array" (byte position 5393650): Warning:  Cell wrom3_rom_precharge_array boundary was redefined.
Error while reading cell "wrom3_rom_precharge_array" (byte position 5393650): Warning:  Cell wrom3_rom_precharge_array boundary was redefined.
Error while reading cell "wrom3_rom_precharge_array" (byte position 5393650): Warning:  Cell wrom3_rom_precharge_array boundary was redefined.
Error while reading cell "wrom3_rom_precharge_array" (byte position 5393650): Warning:  Cell wrom3_rom_precharge_array boundary was redefined.
Error while reading cell "wrom3_rom_precharge_array" (byte position 5393650): Warning:  Cell wrom3_rom_precharge_array boundary was redefined.
Error while reading cell "wrom3_rom_precharge_array" (byte position 5393650): Warning:  Cell wrom3_rom_precharge_array boundary was redefined.
Error while reading cell "wrom3_rom_precharge_array" (byte position 5393650): Warning:  Cell wrom3_rom_precharge_array boundary was redefined.
Error while reading cell "wrom3_rom_precharge_array" (byte position 5393650): Warning:  Cell wrom3_rom_precharge_array boundary was redefined.
Error while reading cell "wrom3_rom_precharge_array" (byte position 5393650): Warning:  Cell wrom3_rom_precharge_array boundary was redefined.
Error while reading cell "wrom3_rom_precharge_array" (byte position 5393650): Warning:  Cell wrom3_rom_precharge_array boundary was redefined.
Error while reading cell "wrom3_rom_precharge_array" (byte position 5393650): Warning:  Cell wrom3_rom_precharge_array boundary was redefined.
Error while reading cell "wrom3_rom_precharge_array" (byte position 5393650): Warning:  Cell wrom3_rom_precharge_array boundary was redefined.
Error while reading cell "wrom3_rom_precharge_array" (byte position 5393650): Warning:  Cell wrom3_rom_precharge_array boundary was redefined.
Error while reading cell "wrom3_rom_precharge_array" (byte position 5393650): Warning:  Cell wrom3_rom_precharge_array boundary was redefined.
Error while reading cell "wrom3_rom_precharge_array" (byte position 5393650): Warning:  Cell wrom3_rom_precharge_array boundary was redefined.
Error while reading cell "wrom3_rom_precharge_array" (byte position 5393650): Warning:  Cell wrom3_rom_precharge_array boundary was redefined.
Error while reading cell "wrom3_rom_precharge_array" (byte position 5393650): Warning:  Cell wrom3_rom_precharge_array boundary was redefined.
Error while reading cell "wrom3_rom_precharge_array" (byte position 5393650): Warning:  Cell wrom3_rom_precharge_array boundary was redefined.
Error while reading cell "wrom3_rom_precharge_array" (byte position 5393650): Warning:  Cell wrom3_rom_precharge_array boundary was redefined.
Error while reading cell "wrom3_rom_precharge_array" (byte position 5393650): Warning:  Cell wrom3_rom_precharge_array boundary was redefined.
Error while reading cell "wrom3_rom_precharge_array" (byte position 5393650): Warning:  Cell wrom3_rom_precharge_array boundary was redefined.
Error while reading cell "wrom3_rom_precharge_array" (byte position 5393650): Warning:  Cell wrom3_rom_precharge_array boundary was redefined.
Error while reading cell "wrom3_rom_precharge_array" (byte position 5393650): Warning:  Cell wrom3_rom_precharge_array boundary was redefined.
Error while reading cell "wrom3_rom_precharge_array" (byte position 5393650): Warning:  Cell wrom3_rom_precharge_array boundary was redefined.
Error while reading cell "wrom3_rom_precharge_array" (byte position 5393650): Warning:  Cell wrom3_rom_precharge_array boundary was redefined.
Error while reading cell "wrom3_rom_precharge_array" (byte position 5393650): Warning:  Cell wrom3_rom_precharge_array boundary was redefined.
Error while reading cell "wrom3_rom_precharge_array" (byte position 5393650): Warning:  Cell wrom3_rom_precharge_array boundary was redefined.
Error while reading cell "wrom3_rom_precharge_array" (byte position 5393650): Warning:  Cell wrom3_rom_precharge_array boundary was redefined.
Error while reading cell "wrom3_rom_precharge_array" (byte position 5393650): Warning:  Cell wrom3_rom_precharge_array boundary was redefined.
Error while reading cell "wrom3_rom_precharge_array" (byte position 5393650): Warning:  Cell wrom3_rom_precharge_array boundary was redefined.
Error while reading cell "wrom3_rom_precharge_array" (byte position 5393650): Warning:  Cell wrom3_rom_precharge_array boundary was redefined.
Error while reading cell "wrom3_rom_precharge_array" (byte position 5393650): Warning:  Cell wrom3_rom_precharge_array boundary was redefined.
Error while reading cell "wrom3_rom_precharge_array" (byte position 5393650): Warning:  Cell wrom3_rom_precharge_array boundary was redefined.
Error while reading cell "wrom3_rom_precharge_array" (byte position 5393650): Warning:  Cell wrom3_rom_precharge_array boundary was redefined.
Error while reading cell "wrom3_rom_precharge_array" (byte position 5393650): Warning:  Cell wrom3_rom_precharge_array boundary was redefined.
Error while reading cell "wrom3_rom_precharge_array" (byte position 5393650): Warning:  Cell wrom3_rom_precharge_array boundary was redefined.
Error while reading cell "wrom3_rom_precharge_array" (byte position 5393650): Warning:  Cell wrom3_rom_precharge_array boundary was redefined.
Error while reading cell "wrom3_rom_precharge_array" (byte position 5393650): Warning:  Cell wrom3_rom_precharge_array boundary was redefined.
Error while reading cell "wrom3_rom_precharge_array" (byte position 5393650): Warning:  Cell wrom3_rom_precharge_array boundary was redefined.
Error while reading cell "wrom3_rom_precharge_array" (byte position 5393650): Warning:  Cell wrom3_rom_precharge_array boundary was redefined.
Error while reading cell "wrom3_rom_precharge_array" (byte position 5393650): Warning:  Cell wrom3_rom_precharge_array boundary was redefined.
Error while reading cell "wrom3_rom_precharge_array" (byte position 5393650): Warning:  Cell wrom3_rom_precharge_array boundary was redefined.
Error while reading cell "wrom3_rom_precharge_array" (byte position 5393650): Warning:  Cell wrom3_rom_precharge_array boundary was redefined.
Error while reading cell "wrom3_rom_precharge_array" (byte position 5393650): Warning:  Cell wrom3_rom_precharge_array boundary was redefined.
Error while reading cell "wrom3_rom_precharge_array" (byte position 5393650): Warning:  Cell wrom3_rom_precharge_array boundary was redefined.
Error while reading cell "wrom3_rom_precharge_array" (byte position 5393650): Warning:  Cell wrom3_rom_precharge_array boundary was redefined.
Error while reading cell "wrom3_rom_precharge_array" (byte position 5393650): Warning:  Cell wrom3_rom_precharge_array boundary was redefined.
Error while reading cell "wrom3_rom_precharge_array" (byte position 5393650): Warning:  Cell wrom3_rom_precharge_array boundary was redefined.
Error while reading cell "wrom3_rom_precharge_array" (byte position 5393650): Warning:  Cell wrom3_rom_precharge_array boundary was redefined.
Error while reading cell "wrom3_rom_precharge_array" (byte position 5393650): Warning:  Cell wrom3_rom_precharge_array boundary was redefined.
Error while reading cell "wrom3_rom_precharge_array" (byte position 5393650): Warning:  Cell wrom3_rom_precharge_array boundary was redefined.
Error while reading cell "wrom3_rom_precharge_array" (byte position 5393650): Warning:  Cell wrom3_rom_precharge_array boundary was redefined.
Error while reading cell "wrom3_rom_precharge_array" (byte position 5393650): Warning:  Cell wrom3_rom_precharge_array boundary was redefined.
Error while reading cell "wrom3_rom_precharge_array" (byte position 5393650): Warning:  Cell wrom3_rom_precharge_array boundary was redefined.
Error while reading cell "wrom3_rom_precharge_array" (byte position 5393650): Warning:  Cell wrom3_rom_precharge_array boundary was redefined.
Error while reading cell "wrom3_rom_precharge_array" (byte position 5393650): Warning:  Cell wrom3_rom_precharge_array boundary was redefined.
Error while reading cell "wrom3_rom_precharge_array" (byte position 5393650): Warning:  Cell wrom3_rom_precharge_array boundary was redefined.
Error while reading cell "wrom3_rom_precharge_array" (byte position 5393650): Warning:  Cell wrom3_rom_precharge_array boundary was redefined.
Error while reading cell "wrom3_rom_precharge_array" (byte position 5393650): Warning:  Cell wrom3_rom_precharge_array boundary was redefined.
Error while reading cell "wrom3_rom_precharge_array" (byte position 5393650): Warning:  Cell wrom3_rom_precharge_array boundary was redefined.
Error while reading cell "wrom3_rom_precharge_array" (byte position 5393650): Warning:  Cell wrom3_rom_precharge_array boundary was redefined.
Error while reading cell "wrom3_rom_precharge_array" (byte position 5393650): Warning:  Cell wrom3_rom_precharge_array boundary was redefined.
Error while reading cell "wrom3_rom_precharge_array" (byte position 5393650): Warning:  Cell wrom3_rom_precharge_array boundary was redefined.
Error while reading cell "wrom3_rom_precharge_array" (byte position 5393650): Warning:  Cell wrom3_rom_precharge_array boundary was redefined.
Error while reading cell "wrom3_rom_precharge_array" (byte position 5393650): Warning:  Cell wrom3_rom_precharge_array boundary was redefined.
Error while reading cell "wrom3_rom_precharge_array" (byte position 5393650): Warning:  Cell wrom3_rom_precharge_array boundary was redefined.
Error while reading cell "wrom3_rom_precharge_array" (byte position 5393650): Warning:  Cell wrom3_rom_precharge_array boundary was redefined.
Error while reading cell "wrom3_rom_precharge_array" (byte position 5393650): Warning:  Cell wrom3_rom_precharge_array boundary was redefined.
Error while reading cell "wrom3_rom_precharge_array" (byte position 5393650): Warning:  Cell wrom3_rom_precharge_array boundary was redefined.
Error while reading cell "wrom3_rom_precharge_array" (byte position 5393650): Warning:  Cell wrom3_rom_precharge_array boundary was redefined.
Error while reading cell "wrom3_rom_precharge_array" (byte position 5393650): Warning:  Cell wrom3_rom_precharge_array boundary was redefined.
Error while reading cell "wrom3_rom_precharge_array" (byte position 5393650): Warning:  Cell wrom3_rom_precharge_array boundary was redefined.
Error while reading cell "wrom3_rom_precharge_array" (byte position 5393650): Warning:  Cell wrom3_rom_precharge_array boundary was redefined.
Error while reading cell "wrom3_rom_precharge_array" (byte position 5393650): Warning:  Cell wrom3_rom_precharge_array boundary was redefined.
Error while reading cell "wrom3_rom_precharge_array" (byte position 5393650): Warning:  Cell wrom3_rom_precharge_array boundary was redefined.
Error while reading cell "wrom3_rom_precharge_array" (byte position 5393650): Warning:  Cell wrom3_rom_precharge_array boundary was redefined.
Error while reading cell "wrom3_rom_precharge_array" (byte position 5393650): Warning:  Cell wrom3_rom_precharge_array boundary was redefined.
Error while reading cell "wrom3_rom_precharge_array" (byte position 5393650): Warning:  Cell wrom3_rom_precharge_array boundary was redefined.
Error while reading cell "wrom3_rom_precharge_array" (byte position 5393650): Warning:  Cell wrom3_rom_precharge_array boundary was redefined.
Error while reading cell "wrom3_rom_precharge_array" (byte position 5393650): Warning:  Cell wrom3_rom_precharge_array boundary was redefined.
Error while reading cell "wrom3_rom_precharge_array" (byte position 5393650): Warning:  Cell wrom3_rom_precharge_array boundary was redefined.
Error while reading cell "wrom3_rom_precharge_array" (byte position 5393650): Warning:  Cell wrom3_rom_precharge_array boundary was redefined.
Error while reading cell "wrom3_rom_precharge_array" (byte position 5393650): Warning:  Cell wrom3_rom_precharge_array boundary was redefined.
Error while reading cell "wrom3_rom_precharge_array" (byte position 5393650): Warning:  Cell wrom3_rom_precharge_array boundary was redefined.
Error while reading cell "wrom3_rom_precharge_array" (byte position 5393650): Warning:  Cell wrom3_rom_precharge_array boundary was redefined.
Error while reading cell "wrom3_rom_precharge_array" (byte position 5393650): Warning:  Cell wrom3_rom_precharge_array boundary was redefined.
Error while reading cell "wrom3_rom_precharge_array" (byte position 5393650): Warning:  Cell wrom3_rom_precharge_array boundary was redefined.
Error while reading cell "wrom3_rom_precharge_array" (byte position 5393650): Warning:  Cell wrom3_rom_precharge_array boundary was redefined.
Error while reading cell "wrom3_rom_precharge_array" (byte position 5393650): Warning:  Cell wrom3_rom_precharge_array boundary was redefined.
Error while reading cell "wrom3_rom_precharge_array" (byte position 5393650): Warning:  Cell wrom3_rom_precharge_array boundary was redefined.
Error while reading cell "wrom3_rom_precharge_array" (byte position 5393650): Warning:  Cell wrom3_rom_precharge_array boundary was redefined.
Error while reading cell "wrom3_rom_precharge_array" (byte position 5393650): Warning:  Cell wrom3_rom_precharge_array boundary was redefined.
Error while reading cell "wrom3_rom_precharge_array" (byte position 5393650): Warning:  Cell wrom3_rom_precharge_array boundary was redefined.
Error while reading cell "wrom3_rom_precharge_array" (byte position 5393650): Warning:  Cell wrom3_rom_precharge_array boundary was redefined.
Error while reading cell "wrom3_rom_precharge_array" (byte position 5393650): Warning:  Cell wrom3_rom_precharge_array boundary was redefined.
Error while reading cell "wrom3_rom_precharge_array" (byte position 5393650): Warning:  Cell wrom3_rom_precharge_array boundary was redefined.
Error while reading cell "wrom3_rom_precharge_array" (byte position 5393650): Warning:  Cell wrom3_rom_precharge_array boundary was redefined.
Error while reading cell "wrom3_rom_precharge_array" (byte position 5393650): Warning:  Cell wrom3_rom_precharge_array boundary was redefined.
Error while reading cell "wrom3_rom_precharge_array" (byte position 5393650): Warning:  Cell wrom3_rom_precharge_array boundary was redefined.
Error while reading cell "wrom3_rom_precharge_array" (byte position 5393650): Warning:  Cell wrom3_rom_precharge_array boundary was redefined.
Error while reading cell "wrom3_rom_precharge_array" (byte position 5393650): Warning:  Cell wrom3_rom_precharge_array boundary was redefined.
Error while reading cell "wrom3_rom_precharge_array" (byte position 5393650): Warning:  Cell wrom3_rom_precharge_array boundary was redefined.
Error while reading cell "wrom3_rom_precharge_array" (byte position 5393650): Warning:  Cell wrom3_rom_precharge_array boundary was redefined.
Error while reading cell "wrom3_rom_precharge_array" (byte position 5393650): Warning:  Cell wrom3_rom_precharge_array boundary was redefined.
Error while reading cell "wrom3_rom_precharge_array" (byte position 5393650): Warning:  Cell wrom3_rom_precharge_array boundary was redefined.
Error while reading cell "wrom3_rom_precharge_array" (byte position 5393650): Warning:  Cell wrom3_rom_precharge_array boundary was redefined.
Error while reading cell "wrom3_rom_precharge_array" (byte position 5393650): Warning:  Cell wrom3_rom_precharge_array boundary was redefined.
Error while reading cell "wrom3_rom_precharge_array" (byte position 5393650): Warning:  Cell wrom3_rom_precharge_array boundary was redefined.
Error while reading cell "wrom3_rom_precharge_array" (byte position 5393650): Warning:  Cell wrom3_rom_precharge_array boundary was redefined.
Error while reading cell "wrom3_rom_precharge_array" (byte position 5393650): Warning:  Cell wrom3_rom_precharge_array boundary was redefined.
Error while reading cell "wrom3_rom_precharge_array" (byte position 5393650): Warning:  Cell wrom3_rom_precharge_array boundary was redefined.
Error while reading cell "wrom3_rom_precharge_array" (byte position 5393650): Warning:  Cell wrom3_rom_precharge_array boundary was redefined.
Error while reading cell "wrom3_rom_precharge_array" (byte position 5393650): Warning:  Cell wrom3_rom_precharge_array boundary was redefined.
Error while reading cell "wrom3_rom_precharge_array" (byte position 5393650): Warning:  Cell wrom3_rom_precharge_array boundary was redefined.
Error while reading cell "wrom3_rom_precharge_array" (byte position 5393650): Warning:  Cell wrom3_rom_precharge_array boundary was redefined.
Error while reading cell "wrom3_rom_precharge_array" (byte position 5393650): Warning:  Cell wrom3_rom_precharge_array boundary was redefined.
Error while reading cell "wrom3_rom_precharge_array" (byte position 5393650): Warning:  Cell wrom3_rom_precharge_array boundary was redefined.
Error while reading cell "wrom3_rom_precharge_array" (byte position 5393650): Warning:  Cell wrom3_rom_precharge_array boundary was redefined.
Error while reading cell "wrom3_rom_precharge_array" (byte position 5393650): Warning:  Cell wrom3_rom_precharge_array boundary was redefined.
Error while reading cell "wrom3_rom_precharge_array" (byte position 5393650): Warning:  Cell wrom3_rom_precharge_array boundary was redefined.
Error while reading cell "wrom3_rom_precharge_array" (byte position 5393650): Warning:  Cell wrom3_rom_precharge_array boundary was redefined.
Error while reading cell "wrom3_rom_precharge_array" (byte position 5393650): Warning:  Cell wrom3_rom_precharge_array boundary was redefined.
Error while reading cell "wrom3_rom_precharge_array" (byte position 5393650): Warning:  Cell wrom3_rom_precharge_array boundary was redefined.
Error while reading cell "wrom3_rom_precharge_array" (byte position 5393650): Warning:  Cell wrom3_rom_precharge_array boundary was redefined.
Error while reading cell "wrom3_rom_precharge_array" (byte position 5393650): Warning:  Cell wrom3_rom_precharge_array boundary was redefined.
Error while reading cell "wrom3_rom_precharge_array" (byte position 5393650): Warning:  Cell wrom3_rom_precharge_array boundary was redefined.
Error while reading cell "wrom3_rom_precharge_array" (byte position 5393650): Warning:  Cell wrom3_rom_precharge_array boundary was redefined.
Error while reading cell "wrom3_rom_precharge_array" (byte position 5393650): Warning:  Cell wrom3_rom_precharge_array boundary was redefined.
Error while reading cell "wrom3_rom_precharge_array" (byte position 5393650): Warning:  Cell wrom3_rom_precharge_array boundary was redefined.
Error while reading cell "wrom3_rom_precharge_array" (byte position 5393650): Warning:  Cell wrom3_rom_precharge_array boundary was redefined.
Error while reading cell "wrom3_rom_precharge_array" (byte position 5393650): Warning:  Cell wrom3_rom_precharge_array boundary was redefined.
Error while reading cell "wrom3_rom_precharge_array" (byte position 5393650): Warning:  Cell wrom3_rom_precharge_array boundary was redefined.
Error while reading cell "wrom3_rom_precharge_array" (byte position 5393650): Warning:  Cell wrom3_rom_precharge_array boundary was redefined.
Error while reading cell "wrom3_rom_precharge_array" (byte position 5393650): Warning:  Cell wrom3_rom_precharge_array boundary was redefined.
Error while reading cell "wrom3_rom_precharge_array" (byte position 5393650): Warning:  Cell wrom3_rom_precharge_array boundary was redefined.
Error while reading cell "wrom3_rom_precharge_array" (byte position 5393650): Warning:  Cell wrom3_rom_precharge_array boundary was redefined.
Error while reading cell "wrom3_rom_precharge_array" (byte position 5393650): Warning:  Cell wrom3_rom_precharge_array boundary was redefined.
Error while reading cell "wrom3_rom_precharge_array" (byte position 5393650): Warning:  Cell wrom3_rom_precharge_array boundary was redefined.
Error while reading cell "wrom3_rom_precharge_array" (byte position 5393650): Warning:  Cell wrom3_rom_precharge_array boundary was redefined.
Error while reading cell "wrom3_rom_precharge_array" (byte position 5393650): Warning:  Cell wrom3_rom_precharge_array boundary was redefined.
Error while reading cell "wrom3_rom_precharge_array" (byte position 5393650): Warning:  Cell wrom3_rom_precharge_array boundary was redefined.
Error while reading cell "wrom3_rom_precharge_array" (byte position 5393650): Warning:  Cell wrom3_rom_precharge_array boundary was redefined.
Error while reading cell "wrom3_rom_precharge_array" (byte position 5393650): Warning:  Cell wrom3_rom_precharge_array boundary was redefined.
Error while reading cell "wrom3_rom_precharge_array" (byte position 5393650): Warning:  Cell wrom3_rom_precharge_array boundary was redefined.
Error while reading cell "wrom3_rom_precharge_array" (byte position 5393650): Warning:  Cell wrom3_rom_precharge_array boundary was redefined.
Error while reading cell "wrom3_rom_precharge_array" (byte position 5393650): Warning:  Cell wrom3_rom_precharge_array boundary was redefined.
Error while reading cell "wrom3_rom_precharge_array" (byte position 5393650): Warning:  Cell wrom3_rom_precharge_array boundary was redefined.
Error while reading cell "wrom3_rom_precharge_array" (byte position 5393650): Warning:  Cell wrom3_rom_precharge_array boundary was redefined.
Error while reading cell "wrom3_rom_precharge_array" (byte position 5393650): Warning:  Cell wrom3_rom_precharge_array boundary was redefined.
Error while reading cell "wrom3_rom_precharge_array" (byte position 5393650): Warning:  Cell wrom3_rom_precharge_array boundary was redefined.
Error while reading cell "wrom3_rom_precharge_array" (byte position 5393650): Warning:  Cell wrom3_rom_precharge_array boundary was redefined.
Error while reading cell "wrom3_rom_precharge_array" (byte position 5393650): Warning:  Cell wrom3_rom_precharge_array boundary was redefined.
Error while reading cell "wrom3_rom_precharge_array" (byte position 5393650): Warning:  Cell wrom3_rom_precharge_array boundary was redefined.
Error while reading cell "wrom3_rom_precharge_array" (byte position 5393650): Warning:  Cell wrom3_rom_precharge_array boundary was redefined.
Error while reading cell "wrom3_rom_precharge_array" (byte position 5393650): Warning:  Cell wrom3_rom_precharge_array boundary was redefined.
Error while reading cell "wrom3_rom_precharge_array" (byte position 5393650): Warning:  Cell wrom3_rom_precharge_array boundary was redefined.
Error while reading cell "wrom3_rom_precharge_array" (byte position 5393650): Warning:  Cell wrom3_rom_precharge_array boundary was redefined.
Error while reading cell "wrom3_rom_precharge_array" (byte position 5393650): Warning:  Cell wrom3_rom_precharge_array boundary was redefined.
Error while reading cell "wrom3_rom_precharge_array" (byte position 5393650): Warning:  Cell wrom3_rom_precharge_array boundary was redefined.
Error while reading cell "wrom3_rom_precharge_array" (byte position 5393650): Warning:  Cell wrom3_rom_precharge_array boundary was redefined.
Error while reading cell "wrom3_rom_precharge_array" (byte position 5393650): Warning:  Cell wrom3_rom_precharge_array boundary was redefined.
Error while reading cell "wrom3_rom_precharge_array" (byte position 5393650): Warning:  Cell wrom3_rom_precharge_array boundary was redefined.
Error while reading cell "wrom3_rom_precharge_array" (byte position 5393650): Warning:  Cell wrom3_rom_precharge_array boundary was redefined.
Error while reading cell "wrom3_rom_precharge_array" (byte position 5393650): Warning:  Cell wrom3_rom_precharge_array boundary was redefined.
Error while reading cell "wrom3_rom_precharge_array" (byte position 5393650): Warning:  Cell wrom3_rom_precharge_array boundary was redefined.
Error while reading cell "wrom3_rom_precharge_array" (byte position 5393650): Warning:  Cell wrom3_rom_precharge_array boundary was redefined.
Error while reading cell "wrom3_rom_precharge_array" (byte position 5393650): Warning:  Cell wrom3_rom_precharge_array boundary was redefined.
Error while reading cell "wrom3_rom_precharge_array" (byte position 5393650): Warning:  Cell wrom3_rom_precharge_array boundary was redefined.
Error while reading cell "wrom3_rom_precharge_array" (byte position 5393650): Warning:  Cell wrom3_rom_precharge_array boundary was redefined.
Error while reading cell "wrom3_rom_precharge_array" (byte position 5393650): Warning:  Cell wrom3_rom_precharge_array boundary was redefined.
Error while reading cell "wrom3_rom_precharge_array" (byte position 5393650): Warning:  Cell wrom3_rom_precharge_array boundary was redefined.
Error while reading cell "wrom3_rom_precharge_array" (byte position 5393650): Warning:  Cell wrom3_rom_precharge_array boundary was redefined.
Error while reading cell "wrom3_rom_precharge_array" (byte position 5393650): Warning:  Cell wrom3_rom_precharge_array boundary was redefined.
Error while reading cell "wrom3_rom_precharge_array" (byte position 5393650): Warning:  Cell wrom3_rom_precharge_array boundary was redefined.
Error while reading cell "wrom3_rom_precharge_array" (byte position 5393650): Warning:  Cell wrom3_rom_precharge_array boundary was redefined.
Error while reading cell "wrom3_rom_precharge_array" (byte position 5393650): Warning:  Cell wrom3_rom_precharge_array boundary was redefined.
Error while reading cell "wrom3_rom_precharge_array" (byte position 5393650): Warning:  Cell wrom3_rom_precharge_array boundary was redefined.
Error while reading cell "wrom3_rom_precharge_array" (byte position 5393650): Warning:  Cell wrom3_rom_precharge_array boundary was redefined.
Error while reading cell "wrom3_rom_precharge_array" (byte position 5393650): Warning:  Cell wrom3_rom_precharge_array boundary was redefined.
Error while reading cell "wrom3_rom_precharge_array" (byte position 5393650): Warning:  Cell wrom3_rom_precharge_array boundary was redefined.
Error while reading cell "wrom3_rom_precharge_array" (byte position 5393650): Warning:  Cell wrom3_rom_precharge_array boundary was redefined.
Error while reading cell "wrom3_rom_precharge_array" (byte position 5393650): Warning:  Cell wrom3_rom_precharge_array boundary was redefined.
Error while reading cell "wrom3_rom_precharge_array" (byte position 5393650): Warning:  Cell wrom3_rom_precharge_array boundary was redefined.
Error while reading cell "wrom3_rom_precharge_array" (byte position 5393650): Warning:  Cell wrom3_rom_precharge_array boundary was redefined.
Error while reading cell "wrom3_rom_precharge_array" (byte position 5393650): Warning:  Cell wrom3_rom_precharge_array boundary was redefined.
Error while reading cell "wrom3_rom_precharge_array" (byte position 5393650): Warning:  Cell wrom3_rom_precharge_array boundary was redefined.
Error while reading cell "wrom3_rom_precharge_array" (byte position 5393650): Warning:  Cell wrom3_rom_precharge_array boundary was redefined.
Error while reading cell "wrom3_rom_precharge_array" (byte position 5393650): Warning:  Cell wrom3_rom_precharge_array boundary was redefined.
Error while reading cell "wrom3_rom_precharge_array" (byte position 5393650): Warning:  Cell wrom3_rom_precharge_array boundary was redefined.
Error while reading cell "wrom3_rom_precharge_array" (byte position 5393650): Warning:  Cell wrom3_rom_precharge_array boundary was redefined.
Error while reading cell "wrom3_rom_precharge_array" (byte position 5393650): Warning:  Cell wrom3_rom_precharge_array boundary was redefined.
Error while reading cell "wrom3_rom_precharge_array" (byte position 5393650): Warning:  Cell wrom3_rom_precharge_array boundary was redefined.
Error while reading cell "wrom3_rom_precharge_array" (byte position 5393650): Warning:  Cell wrom3_rom_precharge_array boundary was redefined.
Error while reading cell "wrom3_rom_precharge_array" (byte position 5393650): Warning:  Cell wrom3_rom_precharge_array boundary was redefined.
Error while reading cell "wrom3_rom_precharge_array" (byte position 5393650): Warning:  Cell wrom3_rom_precharge_array boundary was redefined.
Error while reading cell "wrom3_rom_precharge_array" (byte position 5393650): Warning:  Cell wrom3_rom_precharge_array boundary was redefined.
Error while reading cell "wrom3_rom_precharge_array" (byte position 5393650): Warning:  Cell wrom3_rom_precharge_array boundary was redefined.
Error while reading cell "wrom3_rom_precharge_array" (byte position 5393650): Warning:  Cell wrom3_rom_precharge_array boundary was redefined.
Error while reading cell "wrom3_rom_precharge_array" (byte position 5393650): Warning:  Cell wrom3_rom_precharge_array boundary was redefined.
Error while reading cell "wrom3_rom_precharge_array" (byte position 5393650): Warning:  Cell wrom3_rom_precharge_array boundary was redefined.
Error while reading cell "wrom3_rom_precharge_array" (byte position 5393650): Warning:  Cell wrom3_rom_precharge_array boundary was redefined.
Error while reading cell "wrom3_rom_precharge_array" (byte position 5393650): Warning:  Cell wrom3_rom_precharge_array boundary was redefined.
Error while reading cell "wrom3_rom_precharge_array" (byte position 5393650): Warning:  Cell wrom3_rom_precharge_array boundary was redefined.
Error while reading cell "wrom3_rom_precharge_array" (byte position 5393650): Warning:  Cell wrom3_rom_precharge_array boundary was redefined.
Error while reading cell "wrom3_rom_precharge_array" (byte position 5393650): Warning:  Cell wrom3_rom_precharge_array boundary was redefined.
Error while reading cell "wrom3_rom_precharge_array" (byte position 5393650): Warning:  Cell wrom3_rom_precharge_array boundary was redefined.
Error while reading cell "wrom3_rom_precharge_array" (byte position 5393650): Warning:  Cell wrom3_rom_precharge_array boundary was redefined.
Error while reading cell "wrom3_rom_precharge_array" (byte position 5393650): Warning:  Cell wrom3_rom_precharge_array boundary was redefined.
Error while reading cell "wrom3_rom_precharge_array" (byte position 5393650): Warning:  Cell wrom3_rom_precharge_array boundary was redefined.
Error while reading cell "wrom3_rom_precharge_array" (byte position 5393650): Warning:  Cell wrom3_rom_precharge_array boundary was redefined.
Error while reading cell "wrom3_rom_precharge_array" (byte position 5393650): Warning:  Cell wrom3_rom_precharge_array boundary was redefined.
Error while reading cell "wrom3_rom_precharge_array" (byte position 5393650): Warning:  Cell wrom3_rom_precharge_array boundary was redefined.
Error while reading cell "wrom3_rom_precharge_array" (byte position 5393650): Warning:  Cell wrom3_rom_precharge_array boundary was redefined.
Error while reading cell "wrom3_rom_precharge_array" (byte position 5393650): Warning:  Cell wrom3_rom_precharge_array boundary was redefined.
Error while reading cell "wrom3_rom_precharge_array" (byte position 5393650): Warning:  Cell wrom3_rom_precharge_array boundary was redefined.
Error while reading cell "wrom3_rom_precharge_array" (byte position 5393650): Warning:  Cell wrom3_rom_precharge_array boundary was redefined.
Error while reading cell "wrom3_rom_precharge_array" (byte position 5393650): Warning:  Cell wrom3_rom_precharge_array boundary was redefined.
Error while reading cell "wrom3_rom_precharge_array" (byte position 5393650): Warning:  Cell wrom3_rom_precharge_array boundary was redefined.
Error while reading cell "wrom3_rom_precharge_array" (byte position 5393650): Warning:  Cell wrom3_rom_precharge_array boundary was redefined.
Error while reading cell "wrom3_rom_precharge_array" (byte position 5393650): Warning:  Cell wrom3_rom_precharge_array boundary was redefined.
Error while reading cell "wrom3_rom_precharge_array" (byte position 5393650): Warning:  Cell wrom3_rom_precharge_array boundary was redefined.
Error while reading cell "wrom3_rom_precharge_array" (byte position 5393650): Warning:  Cell wrom3_rom_precharge_array boundary was redefined.
Error while reading cell "wrom3_rom_precharge_array" (byte position 5393650): Warning:  Cell wrom3_rom_precharge_array boundary was redefined.
Error while reading cell "wrom3_rom_precharge_array" (byte position 5393650): Warning:  Cell wrom3_rom_precharge_array boundary was redefined.
Error while reading cell "wrom3_rom_precharge_array" (byte position 5393650): Warning:  Cell wrom3_rom_precharge_array boundary was redefined.
Error while reading cell "wrom3_rom_precharge_array" (byte position 5393650): Warning:  Cell wrom3_rom_precharge_array boundary was redefined.
Error while reading cell "wrom3_rom_precharge_array" (byte position 5393650): Warning:  Cell wrom3_rom_precharge_array boundary was redefined.
Error while reading cell "wrom3_rom_precharge_array" (byte position 5393650): Warning:  Cell wrom3_rom_precharge_array boundary was redefined.
Error while reading cell "wrom3_rom_precharge_array" (byte position 5393650): Warning:  Cell wrom3_rom_precharge_array boundary was redefined.
Error while reading cell "wrom3_rom_precharge_array" (byte position 5393650): Warning:  Cell wrom3_rom_precharge_array boundary was redefined.
Error while reading cell "wrom3_rom_precharge_array" (byte position 5393650): Warning:  Cell wrom3_rom_precharge_array boundary was redefined.
Error while reading cell "wrom3_rom_precharge_array" (byte position 5393650): Warning:  Cell wrom3_rom_precharge_array boundary was redefined.
Error while reading cell "wrom3_rom_precharge_array" (byte position 5393650): Warning:  Cell wrom3_rom_precharge_array boundary was redefined.
Error while reading cell "wrom3_rom_precharge_array" (byte position 5393650): Warning:  Cell wrom3_rom_precharge_array boundary was redefined.
Error while reading cell "wrom3_rom_precharge_array" (byte position 5393650): Warning:  Cell wrom3_rom_precharge_array boundary was redefined.
Error while reading cell "wrom3_rom_precharge_array" (byte position 5393650): Warning:  Cell wrom3_rom_precharge_array boundary was redefined.
Error while reading cell "wrom3_rom_precharge_array" (byte position 5393650): Warning:  Cell wrom3_rom_precharge_array boundary was redefined.
Error while reading cell "wrom3_rom_precharge_array" (byte position 5393650): Warning:  Cell wrom3_rom_precharge_array boundary was redefined.
Error while reading cell "wrom3_rom_precharge_array" (byte position 5393650): Warning:  Cell wrom3_rom_precharge_array boundary was redefined.
Error while reading cell "wrom3_rom_precharge_array" (byte position 5393650): Warning:  Cell wrom3_rom_precharge_array boundary was redefined.
Error while reading cell "wrom3_rom_precharge_array" (byte position 5393650): Warning:  Cell wrom3_rom_precharge_array boundary was redefined.
Error while reading cell "wrom3_rom_precharge_array" (byte position 5393650): Warning:  Cell wrom3_rom_precharge_array boundary was redefined.
Error while reading cell "wrom3_rom_precharge_array" (byte position 5393650): Warning:  Cell wrom3_rom_precharge_array boundary was redefined.
Error while reading cell "wrom3_rom_precharge_array" (byte position 5393650): Warning:  Cell wrom3_rom_precharge_array boundary was redefined.
Error while reading cell "wrom3_rom_precharge_array" (byte position 5393650): Warning:  Cell wrom3_rom_precharge_array boundary was redefined.
Error while reading cell "wrom3_rom_precharge_array" (byte position 5393650): Warning:  Cell wrom3_rom_precharge_array boundary was redefined.
Error while reading cell "wrom3_rom_precharge_array" (byte position 5393650): Warning:  Cell wrom3_rom_precharge_array boundary was redefined.
Error while reading cell "wrom3_rom_precharge_array" (byte position 5393650): Warning:  Cell wrom3_rom_precharge_array boundary was redefined.
Error while reading cell "wrom3_rom_precharge_array" (byte position 5393650): Warning:  Cell wrom3_rom_precharge_array boundary was redefined.
Error while reading cell "wrom3_rom_precharge_array" (byte position 5393650): Warning:  Cell wrom3_rom_precharge_array boundary was redefined.
Error while reading cell "wrom3_rom_precharge_array" (byte position 5393650): Warning:  Cell wrom3_rom_precharge_array boundary was redefined.
Error while reading cell "wrom3_rom_precharge_array" (byte position 5393650): Warning:  Cell wrom3_rom_precharge_array boundary was redefined.
Error while reading cell "wrom3_rom_precharge_array" (byte position 5393650): Warning:  Cell wrom3_rom_precharge_array boundary was redefined.
Error while reading cell "wrom3_rom_precharge_array" (byte position 5393650): Warning:  Cell wrom3_rom_precharge_array boundary was redefined.
Error while reading cell "wrom3_rom_precharge_array" (byte position 5393650): Warning:  Cell wrom3_rom_precharge_array boundary was redefined.
Error while reading cell "wrom3_rom_precharge_array" (byte position 5393650): Warning:  Cell wrom3_rom_precharge_array boundary was redefined.
Error while reading cell "wrom3_rom_precharge_array" (byte position 5393650): Warning:  Cell wrom3_rom_precharge_array boundary was redefined.
Error while reading cell "wrom3_rom_precharge_array" (byte position 5393650): Warning:  Cell wrom3_rom_precharge_array boundary was redefined.
Error while reading cell "wrom3_rom_precharge_array" (byte position 5393650): Warning:  Cell wrom3_rom_precharge_array boundary was redefined.
Error while reading cell "wrom3_rom_precharge_array" (byte position 5393650): Warning:  Cell wrom3_rom_precharge_array boundary was redefined.
Error while reading cell "wrom3_rom_precharge_array" (byte position 5393650): Warning:  Cell wrom3_rom_precharge_array boundary was redefined.
Error while reading cell "wrom3_rom_precharge_array" (byte position 5393650): Warning:  Cell wrom3_rom_precharge_array boundary was redefined.
Error while reading cell "wrom3_rom_precharge_array" (byte position 5393650): Warning:  Cell wrom3_rom_precharge_array boundary was redefined.
Error while reading cell "wrom3_rom_precharge_array" (byte position 5393650): Warning:  Cell wrom3_rom_precharge_array boundary was redefined.
Error while reading cell "wrom3_rom_precharge_array" (byte position 5393650): Warning:  Cell wrom3_rom_precharge_array boundary was redefined.
Error while reading cell "wrom3_rom_precharge_array" (byte position 5393650): Warning:  Cell wrom3_rom_precharge_array boundary was redefined.
Error while reading cell "wrom3_rom_precharge_array" (byte position 5393650): Warning:  Cell wrom3_rom_precharge_array boundary was redefined.
Error while reading cell "wrom3_rom_precharge_array" (byte position 5393650): Warning:  Cell wrom3_rom_precharge_array boundary was redefined.
Error while reading cell "wrom3_rom_precharge_array" (byte position 5393650): Warning:  Cell wrom3_rom_precharge_array boundary was redefined.
Error while reading cell "wrom3_rom_precharge_array" (byte position 5393650): Warning:  Cell wrom3_rom_precharge_array boundary was redefined.
Error while reading cell "wrom3_rom_precharge_array" (byte position 5393650): Warning:  Cell wrom3_rom_precharge_array boundary was redefined.
Error while reading cell "wrom3_rom_precharge_array" (byte position 5393650): Warning:  Cell wrom3_rom_precharge_array boundary was redefined.
Error while reading cell "wrom3_rom_precharge_array" (byte position 5393650): Warning:  Cell wrom3_rom_precharge_array boundary was redefined.
Error while reading cell "wrom3_rom_precharge_array" (byte position 5393650): Warning:  Cell wrom3_rom_precharge_array boundary was redefined.
Error while reading cell "wrom3_rom_precharge_array" (byte position 5393650): Warning:  Cell wrom3_rom_precharge_array boundary was redefined.
Error while reading cell "wrom3_rom_precharge_array" (byte position 5393650): Warning:  Cell wrom3_rom_precharge_array boundary was redefined.
Error while reading cell "wrom3_rom_precharge_array" (byte position 5393650): Warning:  Cell wrom3_rom_precharge_array boundary was redefined.
Error while reading cell "wrom3_rom_precharge_array" (byte position 5393650): Warning:  Cell wrom3_rom_precharge_array boundary was redefined.
Error while reading cell "wrom3_rom_precharge_array" (byte position 5393650): Warning:  Cell wrom3_rom_precharge_array boundary was redefined.
Error while reading cell "wrom3_rom_precharge_array" (byte position 5393650): Warning:  Cell wrom3_rom_precharge_array boundary was redefined.
Error while reading cell "wrom3_rom_precharge_array" (byte position 5393650): Warning:  Cell wrom3_rom_precharge_array boundary was redefined.
Error while reading cell "wrom3_rom_precharge_array" (byte position 5393650): Warning:  Cell wrom3_rom_precharge_array boundary was redefined.
Error while reading cell "wrom3_rom_precharge_array" (byte position 5393650): Warning:  Cell wrom3_rom_precharge_array boundary was redefined.
Error while reading cell "wrom3_rom_precharge_array" (byte position 5393650): Warning:  Cell wrom3_rom_precharge_array boundary was redefined.
Error while reading cell "wrom3_rom_precharge_array" (byte position 5393650): Warning:  Cell wrom3_rom_precharge_array boundary was redefined.
Error while reading cell "wrom3_rom_precharge_array" (byte position 5393650): Warning:  Cell wrom3_rom_precharge_array boundary was redefined.
Error while reading cell "wrom3_rom_precharge_array" (byte position 5393650): Warning:  Cell wrom3_rom_precharge_array boundary was redefined.
Error while reading cell "wrom3_rom_precharge_array" (byte position 5393650): Warning:  Cell wrom3_rom_precharge_array boundary was redefined.
Error while reading cell "wrom3_rom_precharge_array" (byte position 5393650): Warning:  Cell wrom3_rom_precharge_array boundary was redefined.
Error while reading cell "wrom3_rom_precharge_array" (byte position 5393650): Warning:  Cell wrom3_rom_precharge_array boundary was redefined.
Error while reading cell "wrom3_rom_precharge_array" (byte position 5393650): Warning:  Cell wrom3_rom_precharge_array boundary was redefined.
Error while reading cell "wrom3_rom_precharge_array" (byte position 5393650): Warning:  Cell wrom3_rom_precharge_array boundary was redefined.
Error while reading cell "wrom3_rom_precharge_array" (byte position 5393650): Warning:  Cell wrom3_rom_precharge_array boundary was redefined.
Error while reading cell "wrom3_rom_precharge_array" (byte position 5393650): Warning:  Cell wrom3_rom_precharge_array boundary was redefined.
Error while reading cell "wrom3_rom_precharge_array" (byte position 5393650): Warning:  Cell wrom3_rom_precharge_array boundary was redefined.
Error while reading cell "wrom3_rom_precharge_array" (byte position 5393650): Warning:  Cell wrom3_rom_precharge_array boundary was redefined.
Error while reading cell "wrom3_rom_precharge_array" (byte position 5393650): Warning:  Cell wrom3_rom_precharge_array boundary was redefined.
Error while reading cell "wrom3_rom_precharge_array" (byte position 5393650): Warning:  Cell wrom3_rom_precharge_array boundary was redefined.
Error while reading cell "wrom3_rom_precharge_array" (byte position 5393650): Warning:  Cell wrom3_rom_precharge_array boundary was redefined.
Error while reading cell "wrom3_rom_precharge_array" (byte position 5393650): Warning:  Cell wrom3_rom_precharge_array boundary was redefined.
Error while reading cell "wrom3_rom_precharge_array" (byte position 5393650): Warning:  Cell wrom3_rom_precharge_array boundary was redefined.
Error while reading cell "wrom3_rom_precharge_array" (byte position 5393650): Warning:  Cell wrom3_rom_precharge_array boundary was redefined.
Error while reading cell "wrom3_rom_precharge_array" (byte position 5393650): Warning:  Cell wrom3_rom_precharge_array boundary was redefined.
Error while reading cell "wrom3_rom_precharge_array" (byte position 5393650): Warning:  Cell wrom3_rom_precharge_array boundary was redefined.
Error while reading cell "wrom3_rom_precharge_array" (byte position 5393650): Warning:  Cell wrom3_rom_precharge_array boundary was redefined.
Error while reading cell "wrom3_rom_precharge_array" (byte position 5393650): Warning:  Cell wrom3_rom_precharge_array boundary was redefined.
Error while reading cell "wrom3_rom_precharge_array" (byte position 5393650): Warning:  Cell wrom3_rom_precharge_array boundary was redefined.
Error while reading cell "wrom3_rom_precharge_array" (byte position 5393650): Warning:  Cell wrom3_rom_precharge_array boundary was redefined.
Error while reading cell "wrom3_rom_precharge_array" (byte position 5393650): Warning:  Cell wrom3_rom_precharge_array boundary was redefined.
Error while reading cell "wrom3_rom_precharge_array" (byte position 5393650): Warning:  Cell wrom3_rom_precharge_array boundary was redefined.
Error while reading cell "wrom3_rom_precharge_array" (byte position 5393650): Warning:  Cell wrom3_rom_precharge_array boundary was redefined.
Error while reading cell "wrom3_rom_precharge_array" (byte position 5393650): Warning:  Cell wrom3_rom_precharge_array boundary was redefined.
Error while reading cell "wrom3_rom_precharge_array" (byte position 5393650): Warning:  Cell wrom3_rom_precharge_array boundary was redefined.
Error while reading cell "wrom3_rom_precharge_array" (byte position 5393650): Warning:  Cell wrom3_rom_precharge_array boundary was redefined.
Error while reading cell "wrom3_rom_precharge_array" (byte position 5393650): Warning:  Cell wrom3_rom_precharge_array boundary was redefined.
Error while reading cell "wrom3_rom_precharge_array" (byte position 5393650): Warning:  Cell wrom3_rom_precharge_array boundary was redefined.
Error while reading cell "wrom3_rom_precharge_array" (byte position 5393650): Warning:  Cell wrom3_rom_precharge_array boundary was redefined.
Error while reading cell "wrom3_rom_precharge_array" (byte position 5393650): Warning:  Cell wrom3_rom_precharge_array boundary was redefined.
Error while reading cell "wrom3_rom_precharge_array" (byte position 5393650): Warning:  Cell wrom3_rom_precharge_array boundary was redefined.
Error while reading cell "wrom3_rom_precharge_array" (byte position 5393650): Warning:  Cell wrom3_rom_precharge_array boundary was redefined.
Error while reading cell "wrom3_rom_precharge_array" (byte position 5393650): Warning:  Cell wrom3_rom_precharge_array boundary was redefined.
Error while reading cell "wrom3_rom_precharge_array" (byte position 5393650): Warning:  Cell wrom3_rom_precharge_array boundary was redefined.
Error while reading cell "wrom3_rom_precharge_array" (byte position 5393650): Warning:  Cell wrom3_rom_precharge_array boundary was redefined.
Error while reading cell "wrom3_rom_precharge_array" (byte position 5393650): Warning:  Cell wrom3_rom_precharge_array boundary was redefined.
Error while reading cell "wrom3_rom_precharge_array" (byte position 5393650): Warning:  Cell wrom3_rom_precharge_array boundary was redefined.
Error while reading cell "wrom3_rom_precharge_array" (byte position 5393650): Warning:  Cell wrom3_rom_precharge_array boundary was redefined.
Error while reading cell "wrom3_rom_precharge_array" (byte position 5393650): Warning:  Cell wrom3_rom_precharge_array boundary was redefined.
Error while reading cell "wrom3_rom_precharge_array" (byte position 5393650): Warning:  Cell wrom3_rom_precharge_array boundary was redefined.
Error while reading cell "wrom3_rom_precharge_array" (byte position 5393650): Warning:  Cell wrom3_rom_precharge_array boundary was redefined.
Error while reading cell "wrom3_rom_precharge_array" (byte position 5393650): Warning:  Cell wrom3_rom_precharge_array boundary was redefined.
Error while reading cell "wrom3_rom_precharge_array" (byte position 5393650): Warning:  Cell wrom3_rom_precharge_array boundary was redefined.
Error while reading cell "wrom3_rom_precharge_array" (byte position 5393650): Warning:  Cell wrom3_rom_precharge_array boundary was redefined.
Error while reading cell "wrom3_rom_precharge_array" (byte position 5393650): Warning:  Cell wrom3_rom_precharge_array boundary was redefined.
Error while reading cell "wrom3_rom_precharge_array" (byte position 5393650): Warning:  Cell wrom3_rom_precharge_array boundary was redefined.
Error while reading cell "wrom3_rom_precharge_array" (byte position 5393650): Warning:  Cell wrom3_rom_precharge_array boundary was redefined.
Error while reading cell "wrom3_rom_precharge_array" (byte position 5393650): Warning:  Cell wrom3_rom_precharge_array boundary was redefined.
Error while reading cell "wrom3_rom_precharge_array" (byte position 5393650): Warning:  Cell wrom3_rom_precharge_array boundary was redefined.
Error while reading cell "wrom3_rom_precharge_array" (byte position 5393650): Warning:  Cell wrom3_rom_precharge_array boundary was redefined.
Error while reading cell "wrom3_rom_precharge_array" (byte position 5393650): Warning:  Cell wrom3_rom_precharge_array boundary was redefined.
Error while reading cell "wrom3_rom_precharge_array" (byte position 5393650): Warning:  Cell wrom3_rom_precharge_array boundary was redefined.
Error while reading cell "wrom3_rom_precharge_array" (byte position 5393650): Warning:  Cell wrom3_rom_precharge_array boundary was redefined.
Error while reading cell "wrom3_rom_precharge_array" (byte position 5393650): Warning:  Cell wrom3_rom_precharge_array boundary was redefined.
Error while reading cell "wrom3_rom_precharge_array" (byte position 5393650): Warning:  Cell wrom3_rom_precharge_array boundary was redefined.
Error while reading cell "wrom3_rom_precharge_array" (byte position 5393650): Warning:  Cell wrom3_rom_precharge_array boundary was redefined.
Error while reading cell "wrom3_rom_precharge_array" (byte position 5393650): Warning:  Cell wrom3_rom_precharge_array boundary was redefined.
Error while reading cell "wrom3_rom_precharge_array" (byte position 5393650): Warning:  Cell wrom3_rom_precharge_array boundary was redefined.
Error while reading cell "wrom3_rom_precharge_array" (byte position 5393650): Warning:  Cell wrom3_rom_precharge_array boundary was redefined.
Error while reading cell "wrom3_rom_precharge_array" (byte position 5393650): Warning:  Cell wrom3_rom_precharge_array boundary was redefined.
Error while reading cell "wrom3_rom_precharge_array" (byte position 5393650): Warning:  Cell wrom3_rom_precharge_array boundary was redefined.
Error while reading cell "wrom3_rom_precharge_array" (byte position 5393650): Warning:  Cell wrom3_rom_precharge_array boundary was redefined.
Error while reading cell "wrom3_rom_precharge_array" (byte position 5393650): Warning:  Cell wrom3_rom_precharge_array boundary was redefined.
Error while reading cell "wrom3_rom_precharge_array" (byte position 5393650): Warning:  Cell wrom3_rom_precharge_array boundary was redefined.
Error while reading cell "wrom3_rom_precharge_array" (byte position 5393650): Warning:  Cell wrom3_rom_precharge_array boundary was redefined.
Error while reading cell "wrom3_rom_precharge_array" (byte position 5393650): Warning:  Cell wrom3_rom_precharge_array boundary was redefined.
Error while reading cell "wrom3_rom_precharge_array" (byte position 5393650): Warning:  Cell wrom3_rom_precharge_array boundary was redefined.
Error while reading cell "wrom3_rom_precharge_array" (byte position 5393650): Warning:  Cell wrom3_rom_precharge_array boundary was redefined.
Error while reading cell "wrom3_rom_precharge_array" (byte position 5393650): Warning:  Cell wrom3_rom_precharge_array boundary was redefined.
Error while reading cell "wrom3_rom_precharge_array" (byte position 5393650): Warning:  Cell wrom3_rom_precharge_array boundary was redefined.
Error while reading cell "wrom3_rom_precharge_array" (byte position 5393650): Warning:  Cell wrom3_rom_precharge_array boundary was redefined.
Error while reading cell "wrom3_rom_precharge_array" (byte position 5393650): Warning:  Cell wrom3_rom_precharge_array boundary was redefined.
Error while reading cell "wrom3_rom_precharge_array" (byte position 5393650): Warning:  Cell wrom3_rom_precharge_array boundary was redefined.
Error while reading cell "wrom3_rom_precharge_array" (byte position 5393650): Warning:  Cell wrom3_rom_precharge_array boundary was redefined.
Error while reading cell "wrom3_rom_precharge_array" (byte position 5393650): Warning:  Cell wrom3_rom_precharge_array boundary was redefined.
Error while reading cell "wrom3_rom_precharge_array" (byte position 5393650): Warning:  Cell wrom3_rom_precharge_array boundary was redefined.
Error while reading cell "wrom3_rom_precharge_array" (byte position 5393650): Warning:  Cell wrom3_rom_precharge_array boundary was redefined.
Error while reading cell "wrom3_rom_precharge_array" (byte position 5393650): Warning:  Cell wrom3_rom_precharge_array boundary was redefined.
Error while reading cell "wrom3_rom_precharge_array" (byte position 5393650): Warning:  Cell wrom3_rom_precharge_array boundary was redefined.
Error while reading cell "wrom3_rom_precharge_array" (byte position 5393650): Warning:  Cell wrom3_rom_precharge_array boundary was redefined.
Error while reading cell "wrom3_rom_precharge_array" (byte position 5393650): Warning:  Cell wrom3_rom_precharge_array boundary was redefined.
Error while reading cell "wrom3_rom_precharge_array" (byte position 5393650): Warning:  Cell wrom3_rom_precharge_array boundary was redefined.
Error while reading cell "wrom3_rom_precharge_array" (byte position 5393650): Warning:  Cell wrom3_rom_precharge_array boundary was redefined.
Error while reading cell "wrom3_rom_precharge_array" (byte position 5393650): Warning:  Cell wrom3_rom_precharge_array boundary was redefined.
Error while reading cell "wrom3_rom_precharge_array" (byte position 5393650): Warning:  Cell wrom3_rom_precharge_array boundary was redefined.
Error while reading cell "wrom3_rom_precharge_array" (byte position 5393650): Warning:  Cell wrom3_rom_precharge_array boundary was redefined.
Error while reading cell "wrom3_rom_precharge_array" (byte position 5393650): Warning:  Cell wrom3_rom_precharge_array boundary was redefined.
Error while reading cell "wrom3_rom_precharge_array" (byte position 5393650): Warning:  Cell wrom3_rom_precharge_array boundary was redefined.
Error while reading cell "wrom3_rom_precharge_array" (byte position 5393650): Warning:  Cell wrom3_rom_precharge_array boundary was redefined.
Error while reading cell "wrom3_rom_precharge_array" (byte position 5393650): Warning:  Cell wrom3_rom_precharge_array boundary was redefined.
Error while reading cell "wrom3_rom_precharge_array" (byte position 5393650): Warning:  Cell wrom3_rom_precharge_array boundary was redefined.
Error while reading cell "wrom3_rom_precharge_array" (byte position 5393650): Warning:  Cell wrom3_rom_precharge_array boundary was redefined.
Error while reading cell "wrom3_rom_precharge_array" (byte position 5393650): Warning:  Cell wrom3_rom_precharge_array boundary was redefined.
Error while reading cell "wrom3_rom_precharge_array" (byte position 5393650): Warning:  Cell wrom3_rom_precharge_array boundary was redefined.
Error while reading cell "wrom3_rom_precharge_array" (byte position 5393650): Warning:  Cell wrom3_rom_precharge_array boundary was redefined.
Error while reading cell "wrom3_rom_precharge_array" (byte position 5393650): Warning:  Cell wrom3_rom_precharge_array boundary was redefined.
Error while reading cell "wrom3_rom_precharge_array" (byte position 5393650): Warning:  Cell wrom3_rom_precharge_array boundary was redefined.
Error while reading cell "wrom3_rom_precharge_array" (byte position 5393650): Warning:  Cell wrom3_rom_precharge_array boundary was redefined.
Error while reading cell "wrom3_rom_precharge_array" (byte position 5393650): Warning:  Cell wrom3_rom_precharge_array boundary was redefined.
Error while reading cell "wrom3_rom_precharge_array" (byte position 5393650): Warning:  Cell wrom3_rom_precharge_array boundary was redefined.
Error while reading cell "wrom3_rom_precharge_array" (byte position 5393650): Warning:  Cell wrom3_rom_precharge_array boundary was redefined.
Error while reading cell "wrom3_rom_precharge_array" (byte position 5393650): Warning:  Cell wrom3_rom_precharge_array boundary was redefined.
Error while reading cell "wrom3_rom_precharge_array" (byte position 5393650): Warning:  Cell wrom3_rom_precharge_array boundary was redefined.
Error while reading cell "wrom3_rom_precharge_array" (byte position 5393650): Warning:  Cell wrom3_rom_precharge_array boundary was redefined.
Error while reading cell "wrom3_rom_precharge_array" (byte position 5393650): Warning:  Cell wrom3_rom_precharge_array boundary was redefined.
Error while reading cell "wrom3_rom_precharge_array" (byte position 5393650): Warning:  Cell wrom3_rom_precharge_array boundary was redefined.
Error while reading cell "wrom3_rom_precharge_array" (byte position 5393650): Warning:  Cell wrom3_rom_precharge_array boundary was redefined.
Error while reading cell "wrom3_rom_precharge_array" (byte position 5393650): Warning:  Cell wrom3_rom_precharge_array boundary was redefined.
Error while reading cell "wrom3_rom_precharge_array" (byte position 5393650): Warning:  Cell wrom3_rom_precharge_array boundary was redefined.
Error while reading cell "wrom3_rom_precharge_array" (byte position 5393650): Warning:  Cell wrom3_rom_precharge_array boundary was redefined.
Error while reading cell "wrom3_rom_precharge_array" (byte position 5393650): Warning:  Cell wrom3_rom_precharge_array boundary was redefined.
Error while reading cell "wrom3_rom_precharge_array" (byte position 5393650): Warning:  Cell wrom3_rom_precharge_array boundary was redefined.
Error while reading cell "wrom3_rom_precharge_array" (byte position 5393650): Warning:  Cell wrom3_rom_precharge_array boundary was redefined.
Error while reading cell "wrom3_rom_precharge_array" (byte position 5393650): Warning:  Cell wrom3_rom_precharge_array boundary was redefined.
Error while reading cell "wrom3_rom_precharge_array" (byte position 5393650): Warning:  Cell wrom3_rom_precharge_array boundary was redefined.
Error while reading cell "wrom3_rom_precharge_array" (byte position 5393650): Warning:  Cell wrom3_rom_precharge_array boundary was redefined.
Error while reading cell "wrom3_rom_precharge_array" (byte position 5393650): Warning:  Cell wrom3_rom_precharge_array boundary was redefined.
Error while reading cell "wrom3_rom_precharge_array" (byte position 5393650): Warning:  Cell wrom3_rom_precharge_array boundary was redefined.
Error while reading cell "wrom3_rom_precharge_array" (byte position 5393650): Warning:  Cell wrom3_rom_precharge_array boundary was redefined.
Error while reading cell "wrom3_rom_precharge_array" (byte position 5393650): Warning:  Cell wrom3_rom_precharge_array boundary was redefined.
Error while reading cell "wrom3_rom_precharge_array" (byte position 5393650): Warning:  Cell wrom3_rom_precharge_array boundary was redefined.
Error while reading cell "wrom3_rom_precharge_array" (byte position 5393650): Warning:  Cell wrom3_rom_precharge_array boundary was redefined.
Error while reading cell "wrom3_rom_precharge_array" (byte position 5393650): Warning:  Cell wrom3_rom_precharge_array boundary was redefined.
Error while reading cell "wrom3_rom_precharge_array" (byte position 5393650): Warning:  Cell wrom3_rom_precharge_array boundary was redefined.
Error while reading cell "wrom3_rom_precharge_array" (byte position 5393650): Warning:  Cell wrom3_rom_precharge_array boundary was redefined.
Error while reading cell "wrom3_rom_precharge_array" (byte position 5393650): Warning:  Cell wrom3_rom_precharge_array boundary was redefined.
Error while reading cell "wrom3_rom_precharge_array" (byte position 5393650): Warning:  Cell wrom3_rom_precharge_array boundary was redefined.
Error while reading cell "wrom3_rom_precharge_array" (byte position 5393650): Warning:  Cell wrom3_rom_precharge_array boundary was redefined.
Error while reading cell "wrom3_rom_precharge_array" (byte position 5393650): Warning:  Cell wrom3_rom_precharge_array boundary was redefined.
Error while reading cell "wrom3_rom_precharge_array" (byte position 5393650): Warning:  Cell wrom3_rom_precharge_array boundary was redefined.
Error while reading cell "wrom3_rom_precharge_array" (byte position 5393650): Warning:  Cell wrom3_rom_precharge_array boundary was redefined.
Error while reading cell "wrom3_rom_precharge_array" (byte position 5393650): Warning:  Cell wrom3_rom_precharge_array boundary was redefined.
Error while reading cell "wrom3_rom_precharge_array" (byte position 5393650): Warning:  Cell wrom3_rom_precharge_array boundary was redefined.
Error while reading cell "wrom3_rom_precharge_array" (byte position 5393650): Warning:  Cell wrom3_rom_precharge_array boundary was redefined.
Error while reading cell "wrom3_rom_precharge_array" (byte position 5393650): Warning:  Cell wrom3_rom_precharge_array boundary was redefined.
Error while reading cell "wrom3_rom_precharge_array" (byte position 5393650): Warning:  Cell wrom3_rom_precharge_array boundary was redefined.
Error while reading cell "wrom3_rom_precharge_array" (byte position 5393650): Warning:  Cell wrom3_rom_precharge_array boundary was redefined.
Error while reading cell "wrom3_rom_precharge_array" (byte position 5393650): Warning:  Cell wrom3_rom_precharge_array boundary was redefined.
Error while reading cell "wrom3_rom_precharge_array" (byte position 5393650): Warning:  Cell wrom3_rom_precharge_array boundary was redefined.
Error while reading cell "wrom3_rom_precharge_array" (byte position 5393650): Warning:  Cell wrom3_rom_precharge_array boundary was redefined.
Error while reading cell "wrom3_rom_precharge_array" (byte position 5393650): Warning:  Cell wrom3_rom_precharge_array boundary was redefined.
Error while reading cell "wrom3_rom_precharge_array" (byte position 5393650): Warning:  Cell wrom3_rom_precharge_array boundary was redefined.
Error while reading cell "wrom3_rom_precharge_array" (byte position 5393650): Warning:  Cell wrom3_rom_precharge_array boundary was redefined.
Error while reading cell "wrom3_rom_precharge_array" (byte position 5393650): Warning:  Cell wrom3_rom_precharge_array boundary was redefined.
Error while reading cell "wrom3_rom_precharge_array" (byte position 5393650): Warning:  Cell wrom3_rom_precharge_array boundary was redefined.
Error while reading cell "wrom3_rom_precharge_array" (byte position 5393650): Warning:  Cell wrom3_rom_precharge_array boundary was redefined.
Error while reading cell "wrom3_rom_precharge_array" (byte position 5393650): Warning:  Cell wrom3_rom_precharge_array boundary was redefined.
Error while reading cell "wrom3_rom_precharge_array" (byte position 5393650): Warning:  Cell wrom3_rom_precharge_array boundary was redefined.
Error while reading cell "wrom3_rom_precharge_array" (byte position 5393650): Warning:  Cell wrom3_rom_precharge_array boundary was redefined.
Error while reading cell "wrom3_rom_precharge_array" (byte position 5393650): Warning:  Cell wrom3_rom_precharge_array boundary was redefined.
Error while reading cell "wrom3_rom_precharge_array" (byte position 5393650): Warning:  Cell wrom3_rom_precharge_array boundary was redefined.
Error while reading cell "wrom3_rom_precharge_array" (byte position 5393650): Warning:  Cell wrom3_rom_precharge_array boundary was redefined.
Error while reading cell "wrom3_rom_precharge_array" (byte position 5393650): Warning:  Cell wrom3_rom_precharge_array boundary was redefined.
Error while reading cell "wrom3_rom_precharge_array" (byte position 5393650): Warning:  Cell wrom3_rom_precharge_array boundary was redefined.
Error while reading cell "wrom3_rom_precharge_array" (byte position 5393650): Warning:  Cell wrom3_rom_precharge_array boundary was redefined.
Error while reading cell "wrom3_rom_precharge_array" (byte position 5393650): Warning:  Cell wrom3_rom_precharge_array boundary was redefined.
Error while reading cell "wrom3_rom_precharge_array" (byte position 5393650): Warning:  Cell wrom3_rom_precharge_array boundary was redefined.
Error while reading cell "wrom3_rom_precharge_array" (byte position 5393650): Warning:  Cell wrom3_rom_precharge_array boundary was redefined.
Error while reading cell "wrom3_rom_precharge_array" (byte position 5393650): Warning:  Cell wrom3_rom_precharge_array boundary was redefined.
Error while reading cell "wrom3_rom_precharge_array" (byte position 5393650): Warning:  Cell wrom3_rom_precharge_array boundary was redefined.
Error while reading cell "wrom3_rom_precharge_array" (byte position 5393650): Warning:  Cell wrom3_rom_precharge_array boundary was redefined.
Error while reading cell "wrom3_rom_precharge_array" (byte position 5393650): Warning:  Cell wrom3_rom_precharge_array boundary was redefined.
Error while reading cell "wrom3_rom_precharge_array" (byte position 5393650): Warning:  Cell wrom3_rom_precharge_array boundary was redefined.
Error while reading cell "wrom3_rom_precharge_array" (byte position 5393650): Warning:  Cell wrom3_rom_precharge_array boundary was redefined.
Error while reading cell "wrom3_rom_precharge_array" (byte position 5393650): Warning:  Cell wrom3_rom_precharge_array boundary was redefined.
Error while reading cell "wrom3_rom_precharge_array" (byte position 5393650): Warning:  Cell wrom3_rom_precharge_array boundary was redefined.
Error while reading cell "wrom3_rom_precharge_array" (byte position 5393650): Warning:  Cell wrom3_rom_precharge_array boundary was redefined.
Error while reading cell "wrom3_rom_precharge_array" (byte position 5393650): Warning:  Cell wrom3_rom_precharge_array boundary was redefined.
Error while reading cell "wrom3_rom_precharge_array" (byte position 5393650): Warning:  Cell wrom3_rom_precharge_array boundary was redefined.
Error while reading cell "wrom3_rom_precharge_array" (byte position 5393650): Warning:  Cell wrom3_rom_precharge_array boundary was redefined.
Error while reading cell "wrom3_rom_precharge_array" (byte position 5393650): Warning:  Cell wrom3_rom_precharge_array boundary was redefined.
Error while reading cell "wrom3_rom_precharge_array" (byte position 5393650): Warning:  Cell wrom3_rom_precharge_array boundary was redefined.
Error while reading cell "wrom3_rom_precharge_array" (byte position 5393650): Warning:  Cell wrom3_rom_precharge_array boundary was redefined.
Error while reading cell "wrom3_rom_precharge_array" (byte position 5393650): Warning:  Cell wrom3_rom_precharge_array boundary was redefined.
Error while reading cell "wrom3_rom_precharge_array" (byte position 5393650): Warning:  Cell wrom3_rom_precharge_array boundary was redefined.
Error while reading cell "wrom3_rom_precharge_array" (byte position 5393650): Warning:  Cell wrom3_rom_precharge_array boundary was redefined.
Error while reading cell "wrom3_rom_precharge_array" (byte position 5393650): Warning:  Cell wrom3_rom_precharge_array boundary was redefined.
Error while reading cell "wrom3_rom_precharge_array" (byte position 5393650): Warning:  Cell wrom3_rom_precharge_array boundary was redefined.
Error while reading cell "wrom3_rom_precharge_array" (byte position 5393650): Warning:  Cell wrom3_rom_precharge_array boundary was redefined.
Error while reading cell "wrom3_rom_precharge_array" (byte position 5393650): Warning:  Cell wrom3_rom_precharge_array boundary was redefined.
Error while reading cell "wrom3_rom_precharge_array" (byte position 5393650): Warning:  Cell wrom3_rom_precharge_array boundary was redefined.
Error while reading cell "wrom3_rom_precharge_array" (byte position 5393650): Warning:  Cell wrom3_rom_precharge_array boundary was redefined.
Error while reading cell "wrom3_rom_precharge_array" (byte position 5393650): Warning:  Cell wrom3_rom_precharge_array boundary was redefined.
Error while reading cell "wrom3_rom_precharge_array" (byte position 5393650): Warning:  Cell wrom3_rom_precharge_array boundary was redefined.
Error while reading cell "wrom3_rom_precharge_array" (byte position 5393650): Warning:  Cell wrom3_rom_precharge_array boundary was redefined.
Error while reading cell "wrom3_rom_precharge_array" (byte position 5393650): Warning:  Cell wrom3_rom_precharge_array boundary was redefined.
Error while reading cell "wrom3_rom_precharge_array" (byte position 5393650): Warning:  Cell wrom3_rom_precharge_array boundary was redefined.
Error while reading cell "wrom3_rom_precharge_array" (byte position 5393650): Warning:  Cell wrom3_rom_precharge_array boundary was redefined.
Error while reading cell "wrom3_rom_precharge_array" (byte position 5393650): Warning:  Cell wrom3_rom_precharge_array boundary was redefined.
Error while reading cell "wrom3_rom_precharge_array" (byte position 5393650): Warning:  Cell wrom3_rom_precharge_array boundary was redefined.
Error while reading cell "wrom3_rom_precharge_array" (byte position 5393650): Warning:  Cell wrom3_rom_precharge_array boundary was redefined.
Error while reading cell "wrom3_rom_precharge_array" (byte position 5393650): Warning:  Cell wrom3_rom_precharge_array boundary was redefined.
Error while reading cell "wrom3_rom_precharge_array" (byte position 5393650): Warning:  Cell wrom3_rom_precharge_array boundary was redefined.
Error while reading cell "wrom3_rom_precharge_array" (byte position 5393650): Warning:  Cell wrom3_rom_precharge_array boundary was redefined.
Error while reading cell "wrom3_rom_precharge_array" (byte position 5393650): Warning:  Cell wrom3_rom_precharge_array boundary was redefined.
Error while reading cell "wrom3_rom_precharge_array" (byte position 5393650): Warning:  Cell wrom3_rom_precharge_array boundary was redefined.
Error while reading cell "wrom3_rom_precharge_array" (byte position 5393650): Warning:  Cell wrom3_rom_precharge_array boundary was redefined.
Error while reading cell "wrom3_rom_precharge_array" (byte position 5393650): Warning:  Cell wrom3_rom_precharge_array boundary was redefined.
Error while reading cell "wrom3_rom_precharge_array" (byte position 5393650): Warning:  Cell wrom3_rom_precharge_array boundary was redefined.
Error while reading cell "wrom3_rom_precharge_array" (byte position 5393650): Warning:  Cell wrom3_rom_precharge_array boundary was redefined.
Error while reading cell "wrom3_rom_precharge_array" (byte position 5393650): Warning:  Cell wrom3_rom_precharge_array boundary was redefined.
Error while reading cell "wrom3_rom_precharge_array" (byte position 5393650): Warning:  Cell wrom3_rom_precharge_array boundary was redefined.
Error while reading cell "wrom3_rom_precharge_array" (byte position 5393650): Warning:  Cell wrom3_rom_precharge_array boundary was redefined.
Error while reading cell "wrom3_rom_precharge_array" (byte position 5393650): Warning:  Cell wrom3_rom_precharge_array boundary was redefined.
Error while reading cell "wrom3_rom_precharge_array" (byte position 5393650): Warning:  Cell wrom3_rom_precharge_array boundary was redefined.
Error while reading cell "wrom3_rom_precharge_array" (byte position 5393650): Warning:  Cell wrom3_rom_precharge_array boundary was redefined.
Error while reading cell "wrom3_rom_precharge_array" (byte position 5393650): Warning:  Cell wrom3_rom_precharge_array boundary was redefined.
Error while reading cell "wrom3_rom_precharge_array" (byte position 5393650): Warning:  Cell wrom3_rom_precharge_array boundary was redefined.
Error while reading cell "wrom3_rom_precharge_array" (byte position 5393650): Warning:  Cell wrom3_rom_precharge_array boundary was redefined.
Error while reading cell "wrom3_rom_precharge_array" (byte position 5393650): Warning:  Cell wrom3_rom_precharge_array boundary was redefined.
Error while reading cell "wrom3_rom_precharge_array" (byte position 5393650): Warning:  Cell wrom3_rom_precharge_array boundary was redefined.
Error while reading cell "wrom3_rom_precharge_array" (byte position 5393650): Warning:  Cell wrom3_rom_precharge_array boundary was redefined.
Error while reading cell "wrom3_rom_precharge_array" (byte position 5393650): Warning:  Cell wrom3_rom_precharge_array boundary was redefined.
Error while reading cell "wrom3_rom_precharge_array" (byte position 5393650): Warning:  Cell wrom3_rom_precharge_array boundary was redefined.
Error while reading cell "wrom3_rom_precharge_array" (byte position 5393650): Warning:  Cell wrom3_rom_precharge_array boundary was redefined.
Error while reading cell "wrom3_rom_precharge_array" (byte position 5393650): Warning:  Cell wrom3_rom_precharge_array boundary was redefined.
Error while reading cell "wrom3_rom_precharge_array" (byte position 5393650): Warning:  Cell wrom3_rom_precharge_array boundary was redefined.
Error while reading cell "wrom3_rom_precharge_array" (byte position 5393650): Warning:  Cell wrom3_rom_precharge_array boundary was redefined.
Error while reading cell "wrom3_rom_precharge_array" (byte position 5393650): Warning:  Cell wrom3_rom_precharge_array boundary was redefined.
Error while reading cell "wrom3_rom_precharge_array" (byte position 5393650): Warning:  Cell wrom3_rom_precharge_array boundary was redefined.
Error while reading cell "wrom3_rom_precharge_array" (byte position 5393650): Warning:  Cell wrom3_rom_precharge_array boundary was redefined.
Error while reading cell "wrom3_rom_precharge_array" (byte position 5393650): Warning:  Cell wrom3_rom_precharge_array boundary was redefined.
Error while reading cell "wrom3_rom_precharge_array" (byte position 5393650): Warning:  Cell wrom3_rom_precharge_array boundary was redefined.
Error while reading cell "wrom3_rom_precharge_array" (byte position 5393650): Warning:  Cell wrom3_rom_precharge_array boundary was redefined.
Error while reading cell "wrom3_rom_precharge_array" (byte position 5393650): Warning:  Cell wrom3_rom_precharge_array boundary was redefined.
Error while reading cell "wrom3_rom_precharge_array" (byte position 5393650): Warning:  Cell wrom3_rom_precharge_array boundary was redefined.
Error while reading cell "wrom3_rom_precharge_array" (byte position 5393650): Warning:  Cell wrom3_rom_precharge_array boundary was redefined.
Error while reading cell "wrom3_rom_precharge_array" (byte position 5393650): Warning:  Cell wrom3_rom_precharge_array boundary was redefined.
Error while reading cell "wrom3_rom_precharge_array" (byte position 5393650): Warning:  Cell wrom3_rom_precharge_array boundary was redefined.
Error while reading cell "wrom3_rom_precharge_array" (byte position 5393650): Warning:  Cell wrom3_rom_precharge_array boundary was redefined.
Error while reading cell "wrom3_rom_precharge_array" (byte position 5393650): Warning:  Cell wrom3_rom_precharge_array boundary was redefined.
Error while reading cell "wrom3_rom_precharge_array" (byte position 5393650): Warning:  Cell wrom3_rom_precharge_array boundary was redefined.
Error while reading cell "wrom3_rom_precharge_array" (byte position 5393650): Warning:  Cell wrom3_rom_precharge_array boundary was redefined.
Error while reading cell "wrom3_rom_precharge_array" (byte position 5393650): Warning:  Cell wrom3_rom_precharge_array boundary was redefined.
Error while reading cell "wrom3_rom_precharge_array" (byte position 5393650): Warning:  Cell wrom3_rom_precharge_array boundary was redefined.
Error while reading cell "wrom3_rom_precharge_array" (byte position 5393650): Warning:  Cell wrom3_rom_precharge_array boundary was redefined.
Error while reading cell "wrom3_rom_precharge_array" (byte position 5393650): Warning:  Cell wrom3_rom_precharge_array boundary was redefined.
Error while reading cell "wrom3_rom_precharge_array" (byte position 5393650): Warning:  Cell wrom3_rom_precharge_array boundary was redefined.
Error while reading cell "wrom3_rom_precharge_array" (byte position 5393650): Warning:  Cell wrom3_rom_precharge_array boundary was redefined.
Error while reading cell "wrom3_rom_precharge_array" (byte position 5393650): Warning:  Cell wrom3_rom_precharge_array boundary was redefined.
Error while reading cell "wrom3_rom_precharge_array" (byte position 5393650): Warning:  Cell wrom3_rom_precharge_array boundary was redefined.
Error while reading cell "wrom3_rom_precharge_array" (byte position 5393650): Warning:  Cell wrom3_rom_precharge_array boundary was redefined.
Error while reading cell "wrom3_rom_precharge_array" (byte position 5393650): Warning:  Cell wrom3_rom_precharge_array boundary was redefined.
Error while reading cell "wrom3_rom_precharge_array" (byte position 5393650): Warning:  Cell wrom3_rom_precharge_array boundary was redefined.
Error while reading cell "wrom3_rom_precharge_array" (byte position 5393650): Warning:  Cell wrom3_rom_precharge_array boundary was redefined.
Error while reading cell "wrom3_rom_precharge_array" (byte position 5393650): Warning:  Cell wrom3_rom_precharge_array boundary was redefined.
Error while reading cell "wrom3_rom_precharge_array" (byte position 5393650): Warning:  Cell wrom3_rom_precharge_array boundary was redefined.
Reading "wrom3_contact_16".
Saving contents of cell wrom3_contact_16
Reading "wrom3_contact_17".
Saving contents of cell wrom3_contact_17
Reading "wrom3_contact_18".
Saving contents of cell wrom3_contact_18
    40000 uses
    45000 uses
    50000 uses
    55000 uses
    60000 uses
    65000 uses
Error while reading cell "wrom3_rom_base_array" (byte position 5281604): Warning:  Cell wrom3_rom_base_array boundary was redefined.
Error while reading cell "wrom3_rom_base_array" (byte position 5281604): Warning:  Cell wrom3_rom_base_array boundary was redefined.
Error while reading cell "wrom3_rom_base_array" (byte position 5281604): Warning:  Cell wrom3_rom_base_array boundary was redefined.
Error while reading cell "wrom3_rom_base_array" (byte position 5281604): Warning:  Cell wrom3_rom_base_array boundary was redefined.
Error while reading cell "wrom3_rom_base_array" (byte position 5281604): Warning:  Cell wrom3_rom_base_array boundary was redefined.
Error while reading cell "wrom3_rom_base_array" (byte position 5281604): Warning:  Cell wrom3_rom_base_array boundary was redefined.
Error while reading cell "wrom3_rom_base_array" (byte position 5281604): Warning:  Cell wrom3_rom_base_array boundary was redefined.
Error while reading cell "wrom3_rom_base_array" (byte position 5281604): Warning:  Cell wrom3_rom_base_array boundary was redefined.
Error while reading cell "wrom3_rom_base_array" (byte position 5281604): Warning:  Cell wrom3_rom_base_array boundary was redefined.
Error while reading cell "wrom3_rom_base_array" (byte position 5281604): Warning:  Cell wrom3_rom_base_array boundary was redefined.
Error while reading cell "wrom3_rom_base_array" (byte position 5281604): Warning:  Cell wrom3_rom_base_array boundary was redefined.
Error while reading cell "wrom3_rom_base_array" (byte position 5281604): Warning:  Cell wrom3_rom_base_array boundary was redefined.
Error while reading cell "wrom3_rom_base_array" (byte position 5281604): Warning:  Cell wrom3_rom_base_array boundary was redefined.
Error while reading cell "wrom3_rom_base_array" (byte position 5281604): Warning:  Cell wrom3_rom_base_array boundary was redefined.
Error while reading cell "wrom3_rom_base_array" (byte position 5281604): Warning:  Cell wrom3_rom_base_array boundary was redefined.
Error while reading cell "wrom3_rom_base_array" (byte position 5281604): Warning:  Cell wrom3_rom_base_array boundary was redefined.
Error while reading cell "wrom3_rom_base_array" (byte position 5281604): Warning:  Cell wrom3_rom_base_array boundary was redefined.
Error while reading cell "wrom3_rom_base_array" (byte position 5281604): Warning:  Cell wrom3_rom_base_array boundary was redefined.
Error while reading cell "wrom3_rom_base_array" (byte position 5281604): Warning:  Cell wrom3_rom_base_array boundary was redefined.
Error while reading cell "wrom3_rom_base_array" (byte position 5281604): Warning:  Cell wrom3_rom_base_array boundary was redefined.
Error while reading cell "wrom3_rom_base_array" (byte position 5281604): Warning:  Cell wrom3_rom_base_array boundary was redefined.
Error while reading cell "wrom3_rom_base_array" (byte position 5281604): Warning:  Cell wrom3_rom_base_array boundary was redefined.
Error while reading cell "wrom3_rom_base_array" (byte position 5281604): Warning:  Cell wrom3_rom_base_array boundary was redefined.
Error while reading cell "wrom3_rom_base_array" (byte position 5281604): Warning:  Cell wrom3_rom_base_array boundary was redefined.
Error while reading cell "wrom3_rom_base_array" (byte position 5281604): Warning:  Cell wrom3_rom_base_array boundary was redefined.
Error while reading cell "wrom3_rom_base_array" (byte position 5281604): Warning:  Cell wrom3_rom_base_array boundary was redefined.
Error while reading cell "wrom3_rom_base_array" (byte position 5281604): Warning:  Cell wrom3_rom_base_array boundary was redefined.
Error while reading cell "wrom3_rom_base_array" (byte position 5281604): Warning:  Cell wrom3_rom_base_array boundary was redefined.
Error while reading cell "wrom3_rom_base_array" (byte position 5281604): Warning:  Cell wrom3_rom_base_array boundary was redefined.
Error while reading cell "wrom3_rom_base_array" (byte position 5281604): Warning:  Cell wrom3_rom_base_array boundary was redefined.
Error while reading cell "wrom3_rom_base_array" (byte position 5281604): Warning:  Cell wrom3_rom_base_array boundary was redefined.
Error while reading cell "wrom3_rom_base_array" (byte position 5281604): Warning:  Cell wrom3_rom_base_array boundary was redefined.
Error while reading cell "wrom3_rom_base_array" (byte position 5281604): Warning:  Cell wrom3_rom_base_array boundary was redefined.
Error while reading cell "wrom3_rom_base_array" (byte position 5281604): Warning:  Cell wrom3_rom_base_array boundary was redefined.
Error while reading cell "wrom3_rom_base_array" (byte position 5281604): Warning:  Cell wrom3_rom_base_array boundary was redefined.
Error while reading cell "wrom3_rom_base_array" (byte position 5281604): Warning:  Cell wrom3_rom_base_array boundary was redefined.
Error while reading cell "wrom3_rom_base_array" (byte position 5281604): Warning:  Cell wrom3_rom_base_array boundary was redefined.
Error while reading cell "wrom3_rom_base_array" (byte position 5281604): Warning:  Cell wrom3_rom_base_array boundary was redefined.
Error while reading cell "wrom3_rom_base_array" (byte position 5281604): Warning:  Cell wrom3_rom_base_array boundary was redefined.
Error while reading cell "wrom3_rom_base_array" (byte position 5281604): Warning:  Cell wrom3_rom_base_array boundary was redefined.
Error while reading cell "wrom3_rom_base_array" (byte position 5281604): Warning:  Cell wrom3_rom_base_array boundary was redefined.
Error while reading cell "wrom3_rom_base_array" (byte position 5281604): Warning:  Cell wrom3_rom_base_array boundary was redefined.
Error while reading cell "wrom3_rom_base_array" (byte position 5281604): Warning:  Cell wrom3_rom_base_array boundary was redefined.
Error while reading cell "wrom3_rom_base_array" (byte position 5281604): Warning:  Cell wrom3_rom_base_array boundary was redefined.
Error while reading cell "wrom3_rom_base_array" (byte position 5281604): Warning:  Cell wrom3_rom_base_array boundary was redefined.
Error while reading cell "wrom3_rom_base_array" (byte position 5281604): Warning:  Cell wrom3_rom_base_array boundary was redefined.
Error while reading cell "wrom3_rom_base_array" (byte position 5281604): Warning:  Cell wrom3_rom_base_array boundary was redefined.
Error while reading cell "wrom3_rom_base_array" (byte position 5281604): Warning:  Cell wrom3_rom_base_array boundary was redefined.
Error while reading cell "wrom3_rom_base_array" (byte position 5281604): Warning:  Cell wrom3_rom_base_array boundary was redefined.
Error while reading cell "wrom3_rom_base_array" (byte position 5281604): Warning:  Cell wrom3_rom_base_array boundary was redefined.
Error while reading cell "wrom3_rom_base_array" (byte position 5281604): Warning:  Cell wrom3_rom_base_array boundary was redefined.
Error while reading cell "wrom3_rom_base_array" (byte position 5281604): Warning:  Cell wrom3_rom_base_array boundary was redefined.
Error while reading cell "wrom3_rom_base_array" (byte position 5281604): Warning:  Cell wrom3_rom_base_array boundary was redefined.
Error while reading cell "wrom3_rom_base_array" (byte position 5281604): Warning:  Cell wrom3_rom_base_array boundary was redefined.
Error while reading cell "wrom3_rom_base_array" (byte position 5281604): Warning:  Cell wrom3_rom_base_array boundary was redefined.
Error while reading cell "wrom3_rom_base_array" (byte position 5281604): Warning:  Cell wrom3_rom_base_array boundary was redefined.
Error while reading cell "wrom3_rom_base_array" (byte position 5281604): Warning:  Cell wrom3_rom_base_array boundary was redefined.
Error while reading cell "wrom3_rom_base_array" (byte position 5281604): Warning:  Cell wrom3_rom_base_array boundary was redefined.
Error while reading cell "wrom3_rom_base_array" (byte position 5281604): Warning:  Cell wrom3_rom_base_array boundary was redefined.
Error while reading cell "wrom3_rom_base_array" (byte position 5281604): Warning:  Cell wrom3_rom_base_array boundary was redefined.
Error while reading cell "wrom3_rom_base_array" (byte position 5281604): Warning:  Cell wrom3_rom_base_array boundary was redefined.
Error while reading cell "wrom3_rom_base_array" (byte position 5281604): Warning:  Cell wrom3_rom_base_array boundary was redefined.
Error while reading cell "wrom3_rom_base_array" (byte position 5281604): Warning:  Cell wrom3_rom_base_array boundary was redefined.
Error while reading cell "wrom3_rom_base_array" (byte position 5281604): Warning:  Cell wrom3_rom_base_array boundary was redefined.
Error while reading cell "wrom3_rom_base_array" (byte position 5281604): Warning:  Cell wrom3_rom_base_array boundary was redefined.
Error while reading cell "wrom3_rom_base_array" (byte position 5281604): Warning:  Cell wrom3_rom_base_array boundary was redefined.
Error while reading cell "wrom3_rom_base_array" (byte position 5281604): Warning:  Cell wrom3_rom_base_array boundary was redefined.
Error while reading cell "wrom3_rom_base_array" (byte position 5281604): Warning:  Cell wrom3_rom_base_array boundary was redefined.
Error while reading cell "wrom3_rom_base_array" (byte position 5281604): Warning:  Cell wrom3_rom_base_array boundary was redefined.
Error while reading cell "wrom3_rom_base_array" (byte position 5281604): Warning:  Cell wrom3_rom_base_array boundary was redefined.
Error while reading cell "wrom3_rom_base_array" (byte position 5281604): Warning:  Cell wrom3_rom_base_array boundary was redefined.
Error while reading cell "wrom3_rom_base_array" (byte position 5281604): Warning:  Cell wrom3_rom_base_array boundary was redefined.
Error while reading cell "wrom3_rom_base_array" (byte position 5281604): Warning:  Cell wrom3_rom_base_array boundary was redefined.
Error while reading cell "wrom3_rom_base_array" (byte position 5281604): Warning:  Cell wrom3_rom_base_array boundary was redefined.
Error while reading cell "wrom3_rom_base_array" (byte position 5281604): Warning:  Cell wrom3_rom_base_array boundary was redefined.
Error while reading cell "wrom3_rom_base_array" (byte position 5281604): Warning:  Cell wrom3_rom_base_array boundary was redefined.
Error while reading cell "wrom3_rom_base_array" (byte position 5281604): Warning:  Cell wrom3_rom_base_array boundary was redefined.
Error while reading cell "wrom3_rom_base_array" (byte position 5281604): Warning:  Cell wrom3_rom_base_array boundary was redefined.
Error while reading cell "wrom3_rom_base_array" (byte position 5281604): Warning:  Cell wrom3_rom_base_array boundary was redefined.
Error while reading cell "wrom3_rom_base_array" (byte position 5281604): Warning:  Cell wrom3_rom_base_array boundary was redefined.
Error while reading cell "wrom3_rom_base_array" (byte position 5281604): Warning:  Cell wrom3_rom_base_array boundary was redefined.
Error while reading cell "wrom3_rom_base_array" (byte position 5281604): Warning:  Cell wrom3_rom_base_array boundary was redefined.
Error while reading cell "wrom3_rom_base_array" (byte position 5281604): Warning:  Cell wrom3_rom_base_array boundary was redefined.
Error while reading cell "wrom3_rom_base_array" (byte position 5281604): Warning:  Cell wrom3_rom_base_array boundary was redefined.
Error while reading cell "wrom3_rom_base_array" (byte position 5281604): Warning:  Cell wrom3_rom_base_array boundary was redefined.
Error while reading cell "wrom3_rom_base_array" (byte position 5281604): Warning:  Cell wrom3_rom_base_array boundary was redefined.
Error while reading cell "wrom3_rom_base_array" (byte position 5281604): Warning:  Cell wrom3_rom_base_array boundary was redefined.
Error while reading cell "wrom3_rom_base_array" (byte position 5281604): Warning:  Cell wrom3_rom_base_array boundary was redefined.
Error while reading cell "wrom3_rom_base_array" (byte position 5281604): Warning:  Cell wrom3_rom_base_array boundary was redefined.
Error while reading cell "wrom3_rom_base_array" (byte position 5281604): Warning:  Cell wrom3_rom_base_array boundary was redefined.
Error while reading cell "wrom3_rom_base_array" (byte position 5281604): Warning:  Cell wrom3_rom_base_array boundary was redefined.
Error while reading cell "wrom3_rom_base_array" (byte position 5281604): Warning:  Cell wrom3_rom_base_array boundary was redefined.
Error while reading cell "wrom3_rom_base_array" (byte position 5281604): Warning:  Cell wrom3_rom_base_array boundary was redefined.
Error while reading cell "wrom3_rom_base_array" (byte position 5281604): Warning:  Cell wrom3_rom_base_array boundary was redefined.
Error while reading cell "wrom3_rom_base_array" (byte position 5281604): Warning:  Cell wrom3_rom_base_array boundary was redefined.
Error while reading cell "wrom3_rom_base_array" (byte position 5281604): Warning:  Cell wrom3_rom_base_array boundary was redefined.
Error while reading cell "wrom3_rom_base_array" (byte position 5281604): Warning:  Cell wrom3_rom_base_array boundary was redefined.
Error while reading cell "wrom3_rom_base_array" (byte position 5281604): Warning:  Cell wrom3_rom_base_array boundary was redefined.
Error while reading cell "wrom3_rom_base_array" (byte position 5281604): Warning:  Cell wrom3_rom_base_array boundary was redefined.
Error while reading cell "wrom3_rom_base_array" (byte position 5281604): Warning:  Cell wrom3_rom_base_array boundary was redefined.
Error while reading cell "wrom3_rom_base_array" (byte position 5281604): Warning:  Cell wrom3_rom_base_array boundary was redefined.
Error while reading cell "wrom3_rom_base_array" (byte position 5281604): Warning:  Cell wrom3_rom_base_array boundary was redefined.
Error while reading cell "wrom3_rom_base_array" (byte position 5281604): Warning:  Cell wrom3_rom_base_array boundary was redefined.
Error while reading cell "wrom3_rom_base_array" (byte position 5281604): Warning:  Cell wrom3_rom_base_array boundary was redefined.
Error while reading cell "wrom3_rom_base_array" (byte position 5281604): Warning:  Cell wrom3_rom_base_array boundary was redefined.
Error while reading cell "wrom3_rom_base_array" (byte position 5281604): Warning:  Cell wrom3_rom_base_array boundary was redefined.
Error while reading cell "wrom3_rom_base_array" (byte position 5281604): Warning:  Cell wrom3_rom_base_array boundary was redefined.
Error while reading cell "wrom3_rom_base_array" (byte position 5281604): Warning:  Cell wrom3_rom_base_array boundary was redefined.
Error while reading cell "wrom3_rom_base_array" (byte position 5281604): Warning:  Cell wrom3_rom_base_array boundary was redefined.
Error while reading cell "wrom3_rom_base_array" (byte position 5281604): Warning:  Cell wrom3_rom_base_array boundary was redefined.
Error while reading cell "wrom3_rom_base_array" (byte position 5281604): Warning:  Cell wrom3_rom_base_array boundary was redefined.
Error while reading cell "wrom3_rom_base_array" (byte position 5281604): Warning:  Cell wrom3_rom_base_array boundary was redefined.
Error while reading cell "wrom3_rom_base_array" (byte position 5281604): Warning:  Cell wrom3_rom_base_array boundary was redefined.
Error while reading cell "wrom3_rom_base_array" (byte position 5281604): Warning:  Cell wrom3_rom_base_array boundary was redefined.
Error while reading cell "wrom3_rom_base_array" (byte position 5281604): Warning:  Cell wrom3_rom_base_array boundary was redefined.
Error while reading cell "wrom3_rom_base_array" (byte position 5281604): Warning:  Cell wrom3_rom_base_array boundary was redefined.
Error while reading cell "wrom3_rom_base_array" (byte position 5281604): Warning:  Cell wrom3_rom_base_array boundary was redefined.
Error while reading cell "wrom3_rom_base_array" (byte position 5281604): Warning:  Cell wrom3_rom_base_array boundary was redefined.
Error while reading cell "wrom3_rom_base_array" (byte position 5281604): Warning:  Cell wrom3_rom_base_array boundary was redefined.
Error while reading cell "wrom3_rom_base_array" (byte position 5281604): Warning:  Cell wrom3_rom_base_array boundary was redefined.
Error while reading cell "wrom3_rom_base_array" (byte position 5281604): Warning:  Cell wrom3_rom_base_array boundary was redefined.
Error while reading cell "wrom3_rom_base_array" (byte position 5281604): Warning:  Cell wrom3_rom_base_array boundary was redefined.
Error while reading cell "wrom3_rom_base_array" (byte position 5281604): Warning:  Cell wrom3_rom_base_array boundary was redefined.
Error while reading cell "wrom3_rom_base_array" (byte position 5281604): Warning:  Cell wrom3_rom_base_array boundary was redefined.
Error while reading cell "wrom3_rom_base_array" (byte position 5281604): Warning:  Cell wrom3_rom_base_array boundary was redefined.
Error while reading cell "wrom3_rom_base_array" (byte position 5281604): Warning:  Cell wrom3_rom_base_array boundary was redefined.
Error while reading cell "wrom3_rom_base_array" (byte position 5281604): Warning:  Cell wrom3_rom_base_array boundary was redefined.
Error while reading cell "wrom3_rom_base_array" (byte position 5281604): Warning:  Cell wrom3_rom_base_array boundary was redefined.
Error while reading cell "wrom3_rom_base_array" (byte position 5281604): Warning:  Cell wrom3_rom_base_array boundary was redefined.
Error while reading cell "wrom3_rom_base_array" (byte position 5281604): Warning:  Cell wrom3_rom_base_array boundary was redefined.
Error while reading cell "wrom3_rom_base_array" (byte position 5281604): Warning:  Cell wrom3_rom_base_array boundary was redefined.
Error while reading cell "wrom3_rom_base_array" (byte position 5281604): Warning:  Cell wrom3_rom_base_array boundary was redefined.
Error while reading cell "wrom3_rom_base_array" (byte position 5281604): Warning:  Cell wrom3_rom_base_array boundary was redefined.
Error while reading cell "wrom3_rom_base_array" (byte position 5281604): Warning:  Cell wrom3_rom_base_array boundary was redefined.
Error while reading cell "wrom3_rom_base_array" (byte position 5281604): Warning:  Cell wrom3_rom_base_array boundary was redefined.
Error while reading cell "wrom3_rom_base_array" (byte position 5281604): Warning:  Cell wrom3_rom_base_array boundary was redefined.
Error while reading cell "wrom3_rom_base_array" (byte position 5281604): Warning:  Cell wrom3_rom_base_array boundary was redefined.
Error while reading cell "wrom3_rom_base_array" (byte position 5281604): Warning:  Cell wrom3_rom_base_array boundary was redefined.
Error while reading cell "wrom3_rom_base_array" (byte position 5281604): Warning:  Cell wrom3_rom_base_array boundary was redefined.
Error while reading cell "wrom3_rom_base_array" (byte position 5281604): Warning:  Cell wrom3_rom_base_array boundary was redefined.
Error while reading cell "wrom3_rom_base_array" (byte position 5281604): Warning:  Cell wrom3_rom_base_array boundary was redefined.
Error while reading cell "wrom3_rom_base_array" (byte position 5281604): Warning:  Cell wrom3_rom_base_array boundary was redefined.
Error while reading cell "wrom3_rom_base_array" (byte position 5281604): Warning:  Cell wrom3_rom_base_array boundary was redefined.
Error while reading cell "wrom3_rom_base_array" (byte position 5281604): Warning:  Cell wrom3_rom_base_array boundary was redefined.
Error while reading cell "wrom3_rom_base_array" (byte position 5281604): Warning:  Cell wrom3_rom_base_array boundary was redefined.
Error while reading cell "wrom3_rom_base_array" (byte position 5281604): Warning:  Cell wrom3_rom_base_array boundary was redefined.
Error while reading cell "wrom3_rom_base_array" (byte position 5281604): Warning:  Cell wrom3_rom_base_array boundary was redefined.
Error while reading cell "wrom3_rom_base_array" (byte position 5281604): Warning:  Cell wrom3_rom_base_array boundary was redefined.
Error while reading cell "wrom3_rom_base_array" (byte position 5281604): Warning:  Cell wrom3_rom_base_array boundary was redefined.
Error while reading cell "wrom3_rom_base_array" (byte position 5281604): Warning:  Cell wrom3_rom_base_array boundary was redefined.
Error while reading cell "wrom3_rom_base_array" (byte position 5281604): Warning:  Cell wrom3_rom_base_array boundary was redefined.
Error while reading cell "wrom3_rom_base_array" (byte position 5281604): Warning:  Cell wrom3_rom_base_array boundary was redefined.
Error while reading cell "wrom3_rom_base_array" (byte position 5281604): Warning:  Cell wrom3_rom_base_array boundary was redefined.
Error while reading cell "wrom3_rom_base_array" (byte position 5281604): Warning:  Cell wrom3_rom_base_array boundary was redefined.
Error while reading cell "wrom3_rom_base_array" (byte position 5281604): Warning:  Cell wrom3_rom_base_array boundary was redefined.
Error while reading cell "wrom3_rom_base_array" (byte position 5281604): Warning:  Cell wrom3_rom_base_array boundary was redefined.
Error while reading cell "wrom3_rom_base_array" (byte position 5281604): Warning:  Cell wrom3_rom_base_array boundary was redefined.
Error while reading cell "wrom3_rom_base_array" (byte position 5281604): Warning:  Cell wrom3_rom_base_array boundary was redefined.
Error while reading cell "wrom3_rom_base_array" (byte position 5281604): Warning:  Cell wrom3_rom_base_array boundary was redefined.
Error while reading cell "wrom3_rom_base_array" (byte position 5281604): Warning:  Cell wrom3_rom_base_array boundary was redefined.
Error while reading cell "wrom3_rom_base_array" (byte position 5281604): Warning:  Cell wrom3_rom_base_array boundary was redefined.
Error while reading cell "wrom3_rom_base_array" (byte position 5281604): Warning:  Cell wrom3_rom_base_array boundary was redefined.
Error while reading cell "wrom3_rom_base_array" (byte position 5281604): Warning:  Cell wrom3_rom_base_array boundary was redefined.
Error while reading cell "wrom3_rom_base_array" (byte position 5281604): Warning:  Cell wrom3_rom_base_array boundary was redefined.
Error while reading cell "wrom3_rom_base_array" (byte position 5281604): Warning:  Cell wrom3_rom_base_array boundary was redefined.
Error while reading cell "wrom3_rom_base_array" (byte position 5281604): Warning:  Cell wrom3_rom_base_array boundary was redefined.
Error while reading cell "wrom3_rom_base_array" (byte position 5281604): Warning:  Cell wrom3_rom_base_array boundary was redefined.
Error while reading cell "wrom3_rom_base_array" (byte position 5281604): Warning:  Cell wrom3_rom_base_array boundary was redefined.
Error while reading cell "wrom3_rom_base_array" (byte position 5281604): Warning:  Cell wrom3_rom_base_array boundary was redefined.
Error while reading cell "wrom3_rom_base_array" (byte position 5281604): Warning:  Cell wrom3_rom_base_array boundary was redefined.
Error while reading cell "wrom3_rom_base_array" (byte position 5281604): Warning:  Cell wrom3_rom_base_array boundary was redefined.
Error while reading cell "wrom3_rom_base_array" (byte position 5281604): Warning:  Cell wrom3_rom_base_array boundary was redefined.
Error while reading cell "wrom3_rom_base_array" (byte position 5281604): Warning:  Cell wrom3_rom_base_array boundary was redefined.
Error while reading cell "wrom3_rom_base_array" (byte position 5281604): Warning:  Cell wrom3_rom_base_array boundary was redefined.
Error while reading cell "wrom3_rom_base_array" (byte position 5281604): Warning:  Cell wrom3_rom_base_array boundary was redefined.
Error while reading cell "wrom3_rom_base_array" (byte position 5281604): Warning:  Cell wrom3_rom_base_array boundary was redefined.
Error while reading cell "wrom3_rom_base_array" (byte position 5281604): Warning:  Cell wrom3_rom_base_array boundary was redefined.
Error while reading cell "wrom3_rom_base_array" (byte position 5281604): Warning:  Cell wrom3_rom_base_array boundary was redefined.
Error while reading cell "wrom3_rom_base_array" (byte position 5281604): Warning:  Cell wrom3_rom_base_array boundary was redefined.
Error while reading cell "wrom3_rom_base_array" (byte position 5281604): Warning:  Cell wrom3_rom_base_array boundary was redefined.
Error while reading cell "wrom3_rom_base_array" (byte position 5281604): Warning:  Cell wrom3_rom_base_array boundary was redefined.
Error while reading cell "wrom3_rom_base_array" (byte position 5281604): Warning:  Cell wrom3_rom_base_array boundary was redefined.
Error while reading cell "wrom3_rom_base_array" (byte position 5281604): Warning:  Cell wrom3_rom_base_array boundary was redefined.
Error while reading cell "wrom3_rom_base_array" (byte position 5281604): Warning:  Cell wrom3_rom_base_array boundary was redefined.
Error while reading cell "wrom3_rom_base_array" (byte position 5281604): Warning:  Cell wrom3_rom_base_array boundary was redefined.
Error while reading cell "wrom3_rom_base_array" (byte position 5281604): Warning:  Cell wrom3_rom_base_array boundary was redefined.
Error while reading cell "wrom3_rom_base_array" (byte position 5281604): Warning:  Cell wrom3_rom_base_array boundary was redefined.
Error while reading cell "wrom3_rom_base_array" (byte position 5281604): Warning:  Cell wrom3_rom_base_array boundary was redefined.
Error while reading cell "wrom3_rom_base_array" (byte position 5281604): Warning:  Cell wrom3_rom_base_array boundary was redefined.
Error while reading cell "wrom3_rom_base_array" (byte position 5281604): Warning:  Cell wrom3_rom_base_array boundary was redefined.
Error while reading cell "wrom3_rom_base_array" (byte position 5281604): Warning:  Cell wrom3_rom_base_array boundary was redefined.
Error while reading cell "wrom3_rom_base_array" (byte position 5281604): Warning:  Cell wrom3_rom_base_array boundary was redefined.
Error while reading cell "wrom3_rom_base_array" (byte position 5281604): Warning:  Cell wrom3_rom_base_array boundary was redefined.
Error while reading cell "wrom3_rom_base_array" (byte position 5281604): Warning:  Cell wrom3_rom_base_array boundary was redefined.
Error while reading cell "wrom3_rom_base_array" (byte position 5281604): Warning:  Cell wrom3_rom_base_array boundary was redefined.
Error while reading cell "wrom3_rom_base_array" (byte position 5281604): Warning:  Cell wrom3_rom_base_array boundary was redefined.
Error while reading cell "wrom3_rom_base_array" (byte position 5281604): Warning:  Cell wrom3_rom_base_array boundary was redefined.
Error while reading cell "wrom3_rom_base_array" (byte position 5281604): Warning:  Cell wrom3_rom_base_array boundary was redefined.
Error while reading cell "wrom3_rom_base_array" (byte position 5281604): Warning:  Cell wrom3_rom_base_array boundary was redefined.
Error while reading cell "wrom3_rom_base_array" (byte position 5281604): Warning:  Cell wrom3_rom_base_array boundary was redefined.
Error while reading cell "wrom3_rom_base_array" (byte position 5281604): Warning:  Cell wrom3_rom_base_array boundary was redefined.
Error while reading cell "wrom3_rom_base_array" (byte position 5281604): Warning:  Cell wrom3_rom_base_array boundary was redefined.
Error while reading cell "wrom3_rom_base_array" (byte position 5281604): Warning:  Cell wrom3_rom_base_array boundary was redefined.
Error while reading cell "wrom3_rom_base_array" (byte position 5281604): Warning:  Cell wrom3_rom_base_array boundary was redefined.
Error while reading cell "wrom3_rom_base_array" (byte position 5281604): Warning:  Cell wrom3_rom_base_array boundary was redefined.
Error while reading cell "wrom3_rom_base_array" (byte position 5281604): Warning:  Cell wrom3_rom_base_array boundary was redefined.
Error while reading cell "wrom3_rom_base_array" (byte position 5281604): Warning:  Cell wrom3_rom_base_array boundary was redefined.
Error while reading cell "wrom3_rom_base_array" (byte position 5281604): Warning:  Cell wrom3_rom_base_array boundary was redefined.
Error while reading cell "wrom3_rom_base_array" (byte position 5281604): Warning:  Cell wrom3_rom_base_array boundary was redefined.
Error while reading cell "wrom3_rom_base_array" (byte position 5281604): Warning:  Cell wrom3_rom_base_array boundary was redefined.
Error while reading cell "wrom3_rom_base_array" (byte position 5281604): Warning:  Cell wrom3_rom_base_array boundary was redefined.
Error while reading cell "wrom3_rom_base_array" (byte position 5281604): Warning:  Cell wrom3_rom_base_array boundary was redefined.
Error while reading cell "wrom3_rom_base_array" (byte position 5281604): Warning:  Cell wrom3_rom_base_array boundary was redefined.
Error while reading cell "wrom3_rom_base_array" (byte position 5281604): Warning:  Cell wrom3_rom_base_array boundary was redefined.
Error while reading cell "wrom3_rom_base_array" (byte position 5281604): Warning:  Cell wrom3_rom_base_array boundary was redefined.
Error while reading cell "wrom3_rom_base_array" (byte position 5281604): Warning:  Cell wrom3_rom_base_array boundary was redefined.
Error while reading cell "wrom3_rom_base_array" (byte position 5281604): Warning:  Cell wrom3_rom_base_array boundary was redefined.
Error while reading cell "wrom3_rom_base_array" (byte position 5281604): Warning:  Cell wrom3_rom_base_array boundary was redefined.
Error while reading cell "wrom3_rom_base_array" (byte position 5281604): Warning:  Cell wrom3_rom_base_array boundary was redefined.
Error while reading cell "wrom3_rom_base_array" (byte position 5281604): Warning:  Cell wrom3_rom_base_array boundary was redefined.
Error while reading cell "wrom3_rom_base_array" (byte position 5281604): Warning:  Cell wrom3_rom_base_array boundary was redefined.
Error while reading cell "wrom3_rom_base_array" (byte position 5281604): Warning:  Cell wrom3_rom_base_array boundary was redefined.
Error while reading cell "wrom3_rom_base_array" (byte position 5281604): Warning:  Cell wrom3_rom_base_array boundary was redefined.
Error while reading cell "wrom3_rom_base_array" (byte position 5281604): Warning:  Cell wrom3_rom_base_array boundary was redefined.
Error while reading cell "wrom3_rom_base_array" (byte position 5281604): Warning:  Cell wrom3_rom_base_array boundary was redefined.
Error while reading cell "wrom3_rom_base_array" (byte position 5281604): Warning:  Cell wrom3_rom_base_array boundary was redefined.
Error while reading cell "wrom3_rom_base_array" (byte position 5281604): Warning:  Cell wrom3_rom_base_array boundary was redefined.
Error while reading cell "wrom3_rom_base_array" (byte position 5281604): Warning:  Cell wrom3_rom_base_array boundary was redefined.
Error while reading cell "wrom3_rom_base_array" (byte position 5281604): Warning:  Cell wrom3_rom_base_array boundary was redefined.
Error while reading cell "wrom3_rom_base_array" (byte position 5281604): Warning:  Cell wrom3_rom_base_array boundary was redefined.
Error while reading cell "wrom3_rom_base_array" (byte position 5281604): Warning:  Cell wrom3_rom_base_array boundary was redefined.
Error while reading cell "wrom3_rom_base_array" (byte position 5281604): Warning:  Cell wrom3_rom_base_array boundary was redefined.
Error while reading cell "wrom3_rom_base_array" (byte position 5281604): Warning:  Cell wrom3_rom_base_array boundary was redefined.
Error while reading cell "wrom3_rom_base_array" (byte position 5281604): Warning:  Cell wrom3_rom_base_array boundary was redefined.
Error while reading cell "wrom3_rom_base_array" (byte position 5281604): Warning:  Cell wrom3_rom_base_array boundary was redefined.
Error while reading cell "wrom3_rom_base_array" (byte position 5281604): Warning:  Cell wrom3_rom_base_array boundary was redefined.
Error while reading cell "wrom3_rom_base_array" (byte position 5281604): Warning:  Cell wrom3_rom_base_array boundary was redefined.
Error while reading cell "wrom3_rom_base_array" (byte position 5281604): Warning:  Cell wrom3_rom_base_array boundary was redefined.
Error while reading cell "wrom3_rom_base_array" (byte position 5281604): Warning:  Cell wrom3_rom_base_array boundary was redefined.
Error while reading cell "wrom3_rom_base_array" (byte position 5281604): Warning:  Cell wrom3_rom_base_array boundary was redefined.
Error while reading cell "wrom3_rom_base_array" (byte position 5281604): Warning:  Cell wrom3_rom_base_array boundary was redefined.
Error while reading cell "wrom3_rom_base_array" (byte position 5281604): Warning:  Cell wrom3_rom_base_array boundary was redefined.
Error while reading cell "wrom3_rom_base_array" (byte position 5281604): Warning:  Cell wrom3_rom_base_array boundary was redefined.
Error while reading cell "wrom3_rom_base_array" (byte position 5281604): Warning:  Cell wrom3_rom_base_array boundary was redefined.
Error while reading cell "wrom3_rom_base_array" (byte position 5281604): Warning:  Cell wrom3_rom_base_array boundary was redefined.
Error while reading cell "wrom3_rom_base_array" (byte position 5281604): Warning:  Cell wrom3_rom_base_array boundary was redefined.
Error while reading cell "wrom3_rom_base_array" (byte position 5281604): Warning:  Cell wrom3_rom_base_array boundary was redefined.
Error while reading cell "wrom3_rom_base_array" (byte position 5281604): Warning:  Cell wrom3_rom_base_array boundary was redefined.
Error while reading cell "wrom3_rom_base_array" (byte position 5281604): Warning:  Cell wrom3_rom_base_array boundary was redefined.
Error while reading cell "wrom3_rom_base_array" (byte position 5281604): Warning:  Cell wrom3_rom_base_array boundary was redefined.
Error while reading cell "wrom3_rom_base_array" (byte position 5281604): Warning:  Cell wrom3_rom_base_array boundary was redefined.
Error while reading cell "wrom3_rom_base_array" (byte position 5281604): Warning:  Cell wrom3_rom_base_array boundary was redefined.
Error while reading cell "wrom3_rom_base_array" (byte position 5281604): Warning:  Cell wrom3_rom_base_array boundary was redefined.
Error while reading cell "wrom3_rom_base_array" (byte position 5281604): Warning:  Cell wrom3_rom_base_array boundary was redefined.
Error while reading cell "wrom3_rom_base_array" (byte position 5281604): Warning:  Cell wrom3_rom_base_array boundary was redefined.
Error while reading cell "wrom3_rom_base_array" (byte position 5281604): Warning:  Cell wrom3_rom_base_array boundary was redefined.
Error while reading cell "wrom3_rom_base_array" (byte position 5281604): Warning:  Cell wrom3_rom_base_array boundary was redefined.
Error while reading cell "wrom3_rom_base_array" (byte position 5281604): Warning:  Cell wrom3_rom_base_array boundary was redefined.
Error while reading cell "wrom3_rom_base_array" (byte position 5281604): Warning:  Cell wrom3_rom_base_array boundary was redefined.
Error while reading cell "wrom3_rom_base_array" (byte position 5281604): Warning:  Cell wrom3_rom_base_array boundary was redefined.
Error while reading cell "wrom3_rom_base_array" (byte position 5281604): Warning:  Cell wrom3_rom_base_array boundary was redefined.
Error while reading cell "wrom3_rom_base_array" (byte position 5281604): Warning:  Cell wrom3_rom_base_array boundary was redefined.
Error while reading cell "wrom3_rom_base_array" (byte position 5281604): Warning:  Cell wrom3_rom_base_array boundary was redefined.
Error while reading cell "wrom3_rom_base_array" (byte position 5281604): Warning:  Cell wrom3_rom_base_array boundary was redefined.
Error while reading cell "wrom3_rom_base_array" (byte position 5281604): Warning:  Cell wrom3_rom_base_array boundary was redefined.
Error while reading cell "wrom3_rom_base_array" (byte position 5281604): Warning:  Cell wrom3_rom_base_array boundary was redefined.
Error while reading cell "wrom3_rom_base_array" (byte position 5281604): Warning:  Cell wrom3_rom_base_array boundary was redefined.
Error while reading cell "wrom3_rom_base_array" (byte position 5281604): Warning:  Cell wrom3_rom_base_array boundary was redefined.
Reading "wrom3_rom_row_decode".
Reading "wrom3_rom_row_decode_array".
Reading "wrom3_rom_poly_tap_1".
Error while reading cell "wrom3_rom_poly_tap_1" (byte position 5824108): Warning:  Cell wrom3_rom_poly_tap_1 boundary was redefined.
Error while reading cell "wrom3_rom_poly_tap_1" (byte position 5824108): Warning:  Cell wrom3_rom_poly_tap_1 boundary was redefined.
Error while reading cell "wrom3_rom_poly_tap_1" (byte position 5824108): Warning:  Cell wrom3_rom_poly_tap_1 boundary was redefined.
Reading "wrom3_rom_poly_tap_2".
Error while reading cell "wrom3_rom_poly_tap_2" (byte position 5824672): Warning:  Cell wrom3_rom_poly_tap_2 boundary was redefined.
Error while reading cell "wrom3_rom_poly_tap_2" (byte position 5824672): Warning:  Cell wrom3_rom_poly_tap_2 boundary was redefined.
Reading "wrom3_rom_precharge_array_0".
Reading "wrom3_rom_poly_tap_3".
Error while reading cell "wrom3_rom_poly_tap_3" (byte position 5881270): Warning:  Cell wrom3_rom_poly_tap_3 boundary was redefined.
Error while reading cell "wrom3_rom_poly_tap_3" (byte position 5881270): Warning:  Cell wrom3_rom_poly_tap_3 boundary was redefined.
Error while reading cell "wrom3_rom_precharge_array_0" (byte position 5880706): Warning:  Cell wrom3_rom_precharge_array_0 boundary was redefined.
Error while reading cell "wrom3_rom_precharge_array_0" (byte position 5880706): Warning:  Cell wrom3_rom_precharge_array_0 boundary was redefined.
Error while reading cell "wrom3_rom_precharge_array_0" (byte position 5880706): Warning:  Cell wrom3_rom_precharge_array_0 boundary was redefined.
Error while reading cell "wrom3_rom_precharge_array_0" (byte position 5880706): Warning:  Cell wrom3_rom_precharge_array_0 boundary was redefined.
Error while reading cell "wrom3_rom_precharge_array_0" (byte position 5880706): Warning:  Cell wrom3_rom_precharge_array_0 boundary was redefined.
Error while reading cell "wrom3_rom_precharge_array_0" (byte position 5880706): Warning:  Cell wrom3_rom_precharge_array_0 boundary was redefined.
Error while reading cell "wrom3_rom_precharge_array_0" (byte position 5880706): Warning:  Cell wrom3_rom_precharge_array_0 boundary was redefined.
Error while reading cell "wrom3_rom_precharge_array_0" (byte position 5880706): Warning:  Cell wrom3_rom_precharge_array_0 boundary was redefined.
Error while reading cell "wrom3_rom_precharge_array_0" (byte position 5880706): Warning:  Cell wrom3_rom_precharge_array_0 boundary was redefined.
Error while reading cell "wrom3_rom_precharge_array_0" (byte position 5880706): Warning:  Cell wrom3_rom_precharge_array_0 boundary was redefined.
Error while reading cell "wrom3_rom_precharge_array_0" (byte position 5880706): Warning:  Cell wrom3_rom_precharge_array_0 boundary was redefined.
Error while reading cell "wrom3_rom_precharge_array_0" (byte position 5880706): Warning:  Cell wrom3_rom_precharge_array_0 boundary was redefined.
Error while reading cell "wrom3_rom_precharge_array_0" (byte position 5880706): Warning:  Cell wrom3_rom_precharge_array_0 boundary was redefined.
Error while reading cell "wrom3_rom_precharge_array_0" (byte position 5880706): Warning:  Cell wrom3_rom_precharge_array_0 boundary was redefined.
Error while reading cell "wrom3_rom_precharge_array_0" (byte position 5880706): Warning:  Cell wrom3_rom_precharge_array_0 boundary was redefined.
Error while reading cell "wrom3_rom_precharge_array_0" (byte position 5880706): Warning:  Cell wrom3_rom_precharge_array_0 boundary was redefined.
Error while reading cell "wrom3_rom_precharge_array_0" (byte position 5880706): Warning:  Cell wrom3_rom_precharge_array_0 boundary was redefined.
Error while reading cell "wrom3_rom_precharge_array_0" (byte position 5880706): Warning:  Cell wrom3_rom_precharge_array_0 boundary was redefined.
Error while reading cell "wrom3_rom_precharge_array_0" (byte position 5880706): Warning:  Cell wrom3_rom_precharge_array_0 boundary was redefined.
Error while reading cell "wrom3_rom_precharge_array_0" (byte position 5880706): Warning:  Cell wrom3_rom_precharge_array_0 boundary was redefined.
Error while reading cell "wrom3_rom_precharge_array_0" (byte position 5880706): Warning:  Cell wrom3_rom_precharge_array_0 boundary was redefined.
Error while reading cell "wrom3_rom_precharge_array_0" (byte position 5880706): Warning:  Cell wrom3_rom_precharge_array_0 boundary was redefined.
Error while reading cell "wrom3_rom_precharge_array_0" (byte position 5880706): Warning:  Cell wrom3_rom_precharge_array_0 boundary was redefined.
Error while reading cell "wrom3_rom_precharge_array_0" (byte position 5880706): Warning:  Cell wrom3_rom_precharge_array_0 boundary was redefined.
Error while reading cell "wrom3_rom_precharge_array_0" (byte position 5880706): Warning:  Cell wrom3_rom_precharge_array_0 boundary was redefined.
Error while reading cell "wrom3_rom_precharge_array_0" (byte position 5880706): Warning:  Cell wrom3_rom_precharge_array_0 boundary was redefined.
Error while reading cell "wrom3_rom_precharge_array_0" (byte position 5880706): Warning:  Cell wrom3_rom_precharge_array_0 boundary was redefined.
Error while reading cell "wrom3_rom_precharge_array_0" (byte position 5880706): Warning:  Cell wrom3_rom_precharge_array_0 boundary was redefined.
Error while reading cell "wrom3_rom_precharge_array_0" (byte position 5880706): Warning:  Cell wrom3_rom_precharge_array_0 boundary was redefined.
Error while reading cell "wrom3_rom_precharge_array_0" (byte position 5880706): Warning:  Cell wrom3_rom_precharge_array_0 boundary was redefined.
Error while reading cell "wrom3_rom_precharge_array_0" (byte position 5880706): Warning:  Cell wrom3_rom_precharge_array_0 boundary was redefined.
Error while reading cell "wrom3_rom_precharge_array_0" (byte position 5880706): Warning:  Cell wrom3_rom_precharge_array_0 boundary was redefined.
Error while reading cell "wrom3_rom_precharge_array_0" (byte position 5880706): Warning:  Cell wrom3_rom_precharge_array_0 boundary was redefined.
Error while reading cell "wrom3_rom_precharge_array_0" (byte position 5880706): Warning:  Cell wrom3_rom_precharge_array_0 boundary was redefined.
Error while reading cell "wrom3_rom_precharge_array_0" (byte position 5880706): Warning:  Cell wrom3_rom_precharge_array_0 boundary was redefined.
Error while reading cell "wrom3_rom_precharge_array_0" (byte position 5880706): Warning:  Cell wrom3_rom_precharge_array_0 boundary was redefined.
Error while reading cell "wrom3_rom_precharge_array_0" (byte position 5880706): Warning:  Cell wrom3_rom_precharge_array_0 boundary was redefined.
Error while reading cell "wrom3_rom_precharge_array_0" (byte position 5880706): Warning:  Cell wrom3_rom_precharge_array_0 boundary was redefined.
Error while reading cell "wrom3_rom_precharge_array_0" (byte position 5880706): Warning:  Cell wrom3_rom_precharge_array_0 boundary was redefined.
Error while reading cell "wrom3_rom_precharge_array_0" (byte position 5880706): Warning:  Cell wrom3_rom_precharge_array_0 boundary was redefined.
Error while reading cell "wrom3_rom_precharge_array_0" (byte position 5880706): Warning:  Cell wrom3_rom_precharge_array_0 boundary was redefined.
Error while reading cell "wrom3_rom_precharge_array_0" (byte position 5880706): Warning:  Cell wrom3_rom_precharge_array_0 boundary was redefined.
Error while reading cell "wrom3_rom_precharge_array_0" (byte position 5880706): Warning:  Cell wrom3_rom_precharge_array_0 boundary was redefined.
Error while reading cell "wrom3_rom_precharge_array_0" (byte position 5880706): Warning:  Cell wrom3_rom_precharge_array_0 boundary was redefined.
Error while reading cell "wrom3_rom_precharge_array_0" (byte position 5880706): Warning:  Cell wrom3_rom_precharge_array_0 boundary was redefined.
Error while reading cell "wrom3_rom_precharge_array_0" (byte position 5880706): Warning:  Cell wrom3_rom_precharge_array_0 boundary was redefined.
Error while reading cell "wrom3_rom_precharge_array_0" (byte position 5880706): Warning:  Cell wrom3_rom_precharge_array_0 boundary was redefined.
Error while reading cell "wrom3_rom_precharge_array_0" (byte position 5880706): Warning:  Cell wrom3_rom_precharge_array_0 boundary was redefined.
Error while reading cell "wrom3_rom_precharge_array_0" (byte position 5880706): Warning:  Cell wrom3_rom_precharge_array_0 boundary was redefined.
Error while reading cell "wrom3_rom_precharge_array_0" (byte position 5880706): Warning:  Cell wrom3_rom_precharge_array_0 boundary was redefined.
Error while reading cell "wrom3_rom_precharge_array_0" (byte position 5880706): Warning:  Cell wrom3_rom_precharge_array_0 boundary was redefined.
Error while reading cell "wrom3_rom_precharge_array_0" (byte position 5880706): Warning:  Cell wrom3_rom_precharge_array_0 boundary was redefined.
Error while reading cell "wrom3_rom_precharge_array_0" (byte position 5880706): Warning:  Cell wrom3_rom_precharge_array_0 boundary was redefined.
Error while reading cell "wrom3_rom_precharge_array_0" (byte position 5880706): Warning:  Cell wrom3_rom_precharge_array_0 boundary was redefined.
Error while reading cell "wrom3_rom_precharge_array_0" (byte position 5880706): Warning:  Cell wrom3_rom_precharge_array_0 boundary was redefined.
Error while reading cell "wrom3_rom_precharge_array_0" (byte position 5880706): Warning:  Cell wrom3_rom_precharge_array_0 boundary was redefined.
Error while reading cell "wrom3_rom_precharge_array_0" (byte position 5880706): Warning:  Cell wrom3_rom_precharge_array_0 boundary was redefined.
Error while reading cell "wrom3_rom_precharge_array_0" (byte position 5880706): Warning:  Cell wrom3_rom_precharge_array_0 boundary was redefined.
Error while reading cell "wrom3_rom_precharge_array_0" (byte position 5880706): Warning:  Cell wrom3_rom_precharge_array_0 boundary was redefined.
Error while reading cell "wrom3_rom_precharge_array_0" (byte position 5880706): Warning:  Cell wrom3_rom_precharge_array_0 boundary was redefined.
Error while reading cell "wrom3_rom_precharge_array_0" (byte position 5880706): Warning:  Cell wrom3_rom_precharge_array_0 boundary was redefined.
Error while reading cell "wrom3_rom_precharge_array_0" (byte position 5880706): Warning:  Cell wrom3_rom_precharge_array_0 boundary was redefined.
Error while reading cell "wrom3_rom_precharge_array_0" (byte position 5880706): Warning:  Cell wrom3_rom_precharge_array_0 boundary was redefined.
Error while reading cell "wrom3_rom_precharge_array_0" (byte position 5880706): Warning:  Cell wrom3_rom_precharge_array_0 boundary was redefined.
Error while reading cell "wrom3_rom_precharge_array_0" (byte position 5880706): Warning:  Cell wrom3_rom_precharge_array_0 boundary was redefined.
Error while reading cell "wrom3_rom_precharge_array_0" (byte position 5880706): Warning:  Cell wrom3_rom_precharge_array_0 boundary was redefined.
Error while reading cell "wrom3_rom_precharge_array_0" (byte position 5880706): Warning:  Cell wrom3_rom_precharge_array_0 boundary was redefined.
Error while reading cell "wrom3_rom_precharge_array_0" (byte position 5880706): Warning:  Cell wrom3_rom_precharge_array_0 boundary was redefined.
Error while reading cell "wrom3_rom_precharge_array_0" (byte position 5880706): Warning:  Cell wrom3_rom_precharge_array_0 boundary was redefined.
Error while reading cell "wrom3_rom_precharge_array_0" (byte position 5880706): Warning:  Cell wrom3_rom_precharge_array_0 boundary was redefined.
Error while reading cell "wrom3_rom_precharge_array_0" (byte position 5880706): Warning:  Cell wrom3_rom_precharge_array_0 boundary was redefined.
Error while reading cell "wrom3_rom_precharge_array_0" (byte position 5880706): Warning:  Cell wrom3_rom_precharge_array_0 boundary was redefined.
Error while reading cell "wrom3_rom_precharge_array_0" (byte position 5880706): Warning:  Cell wrom3_rom_precharge_array_0 boundary was redefined.
Error while reading cell "wrom3_rom_precharge_array_0" (byte position 5880706): Warning:  Cell wrom3_rom_precharge_array_0 boundary was redefined.
Error while reading cell "wrom3_rom_precharge_array_0" (byte position 5880706): Warning:  Cell wrom3_rom_precharge_array_0 boundary was redefined.
Error while reading cell "wrom3_rom_precharge_array_0" (byte position 5880706): Warning:  Cell wrom3_rom_precharge_array_0 boundary was redefined.
Error while reading cell "wrom3_rom_precharge_array_0" (byte position 5880706): Warning:  Cell wrom3_rom_precharge_array_0 boundary was redefined.
Error while reading cell "wrom3_rom_precharge_array_0" (byte position 5880706): Warning:  Cell wrom3_rom_precharge_array_0 boundary was redefined.
Error while reading cell "wrom3_rom_precharge_array_0" (byte position 5880706): Warning:  Cell wrom3_rom_precharge_array_0 boundary was redefined.
Error while reading cell "wrom3_rom_precharge_array_0" (byte position 5880706): Warning:  Cell wrom3_rom_precharge_array_0 boundary was redefined.
Error while reading cell "wrom3_rom_precharge_array_0" (byte position 5880706): Warning:  Cell wrom3_rom_precharge_array_0 boundary was redefined.
Error while reading cell "wrom3_rom_precharge_array_0" (byte position 5880706): Warning:  Cell wrom3_rom_precharge_array_0 boundary was redefined.
Error while reading cell "wrom3_rom_precharge_array_0" (byte position 5880706): Warning:  Cell wrom3_rom_precharge_array_0 boundary was redefined.
Error while reading cell "wrom3_rom_precharge_array_0" (byte position 5880706): Warning:  Cell wrom3_rom_precharge_array_0 boundary was redefined.
Error while reading cell "wrom3_rom_precharge_array_0" (byte position 5880706): Warning:  Cell wrom3_rom_precharge_array_0 boundary was redefined.
Error while reading cell "wrom3_rom_precharge_array_0" (byte position 5880706): Warning:  Cell wrom3_rom_precharge_array_0 boundary was redefined.
Error while reading cell "wrom3_rom_precharge_array_0" (byte position 5880706): Warning:  Cell wrom3_rom_precharge_array_0 boundary was redefined.
Error while reading cell "wrom3_rom_precharge_array_0" (byte position 5880706): Warning:  Cell wrom3_rom_precharge_array_0 boundary was redefined.
Error while reading cell "wrom3_rom_precharge_array_0" (byte position 5880706): Warning:  Cell wrom3_rom_precharge_array_0 boundary was redefined.
Error while reading cell "wrom3_rom_precharge_array_0" (byte position 5880706): Warning:  Cell wrom3_rom_precharge_array_0 boundary was redefined.
Error while reading cell "wrom3_rom_precharge_array_0" (byte position 5880706): Warning:  Cell wrom3_rom_precharge_array_0 boundary was redefined.
Error while reading cell "wrom3_rom_precharge_array_0" (byte position 5880706): Warning:  Cell wrom3_rom_precharge_array_0 boundary was redefined.
Error while reading cell "wrom3_rom_precharge_array_0" (byte position 5880706): Warning:  Cell wrom3_rom_precharge_array_0 boundary was redefined.
Error while reading cell "wrom3_rom_precharge_array_0" (byte position 5880706): Warning:  Cell wrom3_rom_precharge_array_0 boundary was redefined.
Error while reading cell "wrom3_rom_precharge_array_0" (byte position 5880706): Warning:  Cell wrom3_rom_precharge_array_0 boundary was redefined.
Error while reading cell "wrom3_rom_precharge_array_0" (byte position 5880706): Warning:  Cell wrom3_rom_precharge_array_0 boundary was redefined.
Error while reading cell "wrom3_rom_precharge_array_0" (byte position 5880706): Warning:  Cell wrom3_rom_precharge_array_0 boundary was redefined.
Error while reading cell "wrom3_rom_precharge_array_0" (byte position 5880706): Warning:  Cell wrom3_rom_precharge_array_0 boundary was redefined.
Error while reading cell "wrom3_rom_precharge_array_0" (byte position 5880706): Warning:  Cell wrom3_rom_precharge_array_0 boundary was redefined.
Error while reading cell "wrom3_rom_precharge_array_0" (byte position 5880706): Warning:  Cell wrom3_rom_precharge_array_0 boundary was redefined.
Error while reading cell "wrom3_rom_precharge_array_0" (byte position 5880706): Warning:  Cell wrom3_rom_precharge_array_0 boundary was redefined.
Error while reading cell "wrom3_rom_precharge_array_0" (byte position 5880706): Warning:  Cell wrom3_rom_precharge_array_0 boundary was redefined.
Error while reading cell "wrom3_rom_precharge_array_0" (byte position 5880706): Warning:  Cell wrom3_rom_precharge_array_0 boundary was redefined.
Error while reading cell "wrom3_rom_precharge_array_0" (byte position 5880706): Warning:  Cell wrom3_rom_precharge_array_0 boundary was redefined.
Error while reading cell "wrom3_rom_precharge_array_0" (byte position 5880706): Warning:  Cell wrom3_rom_precharge_array_0 boundary was redefined.
Error while reading cell "wrom3_rom_precharge_array_0" (byte position 5880706): Warning:  Cell wrom3_rom_precharge_array_0 boundary was redefined.
Error while reading cell "wrom3_rom_precharge_array_0" (byte position 5880706): Warning:  Cell wrom3_rom_precharge_array_0 boundary was redefined.
Error while reading cell "wrom3_rom_precharge_array_0" (byte position 5880706): Warning:  Cell wrom3_rom_precharge_array_0 boundary was redefined.
Error while reading cell "wrom3_rom_precharge_array_0" (byte position 5880706): Warning:  Cell wrom3_rom_precharge_array_0 boundary was redefined.
Error while reading cell "wrom3_rom_precharge_array_0" (byte position 5880706): Warning:  Cell wrom3_rom_precharge_array_0 boundary was redefined.
Error while reading cell "wrom3_rom_precharge_array_0" (byte position 5880706): Warning:  Cell wrom3_rom_precharge_array_0 boundary was redefined.
Error while reading cell "wrom3_rom_precharge_array_0" (byte position 5880706): Warning:  Cell wrom3_rom_precharge_array_0 boundary was redefined.
Error while reading cell "wrom3_rom_precharge_array_0" (byte position 5880706): Warning:  Cell wrom3_rom_precharge_array_0 boundary was redefined.
Error while reading cell "wrom3_rom_precharge_array_0" (byte position 5880706): Warning:  Cell wrom3_rom_precharge_array_0 boundary was redefined.
Error while reading cell "wrom3_rom_precharge_array_0" (byte position 5880706): Warning:  Cell wrom3_rom_precharge_array_0 boundary was redefined.
Error while reading cell "wrom3_rom_precharge_array_0" (byte position 5880706): Warning:  Cell wrom3_rom_precharge_array_0 boundary was redefined.
Error while reading cell "wrom3_rom_precharge_array_0" (byte position 5880706): Warning:  Cell wrom3_rom_precharge_array_0 boundary was redefined.
Error while reading cell "wrom3_rom_precharge_array_0" (byte position 5880706): Warning:  Cell wrom3_rom_precharge_array_0 boundary was redefined.
Error while reading cell "wrom3_rom_precharge_array_0" (byte position 5880706): Warning:  Cell wrom3_rom_precharge_array_0 boundary was redefined.
Error while reading cell "wrom3_rom_precharge_array_0" (byte position 5880706): Warning:  Cell wrom3_rom_precharge_array_0 boundary was redefined.
Error while reading cell "wrom3_rom_precharge_array_0" (byte position 5880706): Warning:  Cell wrom3_rom_precharge_array_0 boundary was redefined.
Error while reading cell "wrom3_rom_precharge_array_0" (byte position 5880706): Warning:  Cell wrom3_rom_precharge_array_0 boundary was redefined.
Error while reading cell "wrom3_rom_precharge_array_0" (byte position 5880706): Warning:  Cell wrom3_rom_precharge_array_0 boundary was redefined.
Error while reading cell "wrom3_rom_precharge_array_0" (byte position 5880706): Warning:  Cell wrom3_rom_precharge_array_0 boundary was redefined.
Error while reading cell "wrom3_rom_precharge_array_0" (byte position 5880706): Warning:  Cell wrom3_rom_precharge_array_0 boundary was redefined.
Error while reading cell "wrom3_rom_precharge_array_0" (byte position 5880706): Warning:  Cell wrom3_rom_precharge_array_0 boundary was redefined.
Error while reading cell "wrom3_rom_precharge_array_0" (byte position 5880706): Warning:  Cell wrom3_rom_precharge_array_0 boundary was redefined.
Error while reading cell "wrom3_rom_precharge_array_0" (byte position 5880706): Warning:  Cell wrom3_rom_precharge_array_0 boundary was redefined.
Error while reading cell "wrom3_rom_precharge_array_0" (byte position 5880706): Warning:  Cell wrom3_rom_precharge_array_0 boundary was redefined.
Error while reading cell "wrom3_rom_precharge_array_0" (byte position 5880706): Warning:  Cell wrom3_rom_precharge_array_0 boundary was redefined.
Error while reading cell "wrom3_rom_precharge_array_0" (byte position 5880706): Warning:  Cell wrom3_rom_precharge_array_0 boundary was redefined.
Error while reading cell "wrom3_rom_precharge_array_0" (byte position 5880706): Warning:  Cell wrom3_rom_precharge_array_0 boundary was redefined.
Error while reading cell "wrom3_rom_precharge_array_0" (byte position 5880706): Warning:  Cell wrom3_rom_precharge_array_0 boundary was redefined.
Error while reading cell "wrom3_rom_precharge_array_0" (byte position 5880706): Warning:  Cell wrom3_rom_precharge_array_0 boundary was redefined.
Error while reading cell "wrom3_rom_precharge_array_0" (byte position 5880706): Warning:  Cell wrom3_rom_precharge_array_0 boundary was redefined.
Error while reading cell "wrom3_rom_precharge_array_0" (byte position 5880706): Warning:  Cell wrom3_rom_precharge_array_0 boundary was redefined.
Error while reading cell "wrom3_rom_precharge_array_0" (byte position 5880706): Warning:  Cell wrom3_rom_precharge_array_0 boundary was redefined.
Error while reading cell "wrom3_rom_precharge_array_0" (byte position 5880706): Warning:  Cell wrom3_rom_precharge_array_0 boundary was redefined.
Error while reading cell "wrom3_rom_precharge_array_0" (byte position 5880706): Warning:  Cell wrom3_rom_precharge_array_0 boundary was redefined.
Error while reading cell "wrom3_rom_precharge_array_0" (byte position 5880706): Warning:  Cell wrom3_rom_precharge_array_0 boundary was redefined.
Error while reading cell "wrom3_rom_precharge_array_0" (byte position 5880706): Warning:  Cell wrom3_rom_precharge_array_0 boundary was redefined.
Error while reading cell "wrom3_rom_precharge_array_0" (byte position 5880706): Warning:  Cell wrom3_rom_precharge_array_0 boundary was redefined.
Error while reading cell "wrom3_rom_precharge_array_0" (byte position 5880706): Warning:  Cell wrom3_rom_precharge_array_0 boundary was redefined.
Error while reading cell "wrom3_rom_precharge_array_0" (byte position 5880706): Warning:  Cell wrom3_rom_precharge_array_0 boundary was redefined.
Error while reading cell "wrom3_rom_precharge_array_0" (byte position 5880706): Warning:  Cell wrom3_rom_precharge_array_0 boundary was redefined.
Error while reading cell "wrom3_rom_precharge_array_0" (byte position 5880706): Warning:  Cell wrom3_rom_precharge_array_0 boundary was redefined.
Error while reading cell "wrom3_rom_precharge_array_0" (byte position 5880706): Warning:  Cell wrom3_rom_precharge_array_0 boundary was redefined.
Error while reading cell "wrom3_rom_precharge_array_0" (byte position 5880706): Warning:  Cell wrom3_rom_precharge_array_0 boundary was redefined.
Error while reading cell "wrom3_rom_precharge_array_0" (byte position 5880706): Warning:  Cell wrom3_rom_precharge_array_0 boundary was redefined.
Error while reading cell "wrom3_rom_precharge_array_0" (byte position 5880706): Warning:  Cell wrom3_rom_precharge_array_0 boundary was redefined.
Error while reading cell "wrom3_rom_precharge_array_0" (byte position 5880706): Warning:  Cell wrom3_rom_precharge_array_0 boundary was redefined.
Error while reading cell "wrom3_rom_precharge_array_0" (byte position 5880706): Warning:  Cell wrom3_rom_precharge_array_0 boundary was redefined.
Error while reading cell "wrom3_rom_precharge_array_0" (byte position 5880706): Warning:  Cell wrom3_rom_precharge_array_0 boundary was redefined.
Error while reading cell "wrom3_rom_precharge_array_0" (byte position 5880706): Warning:  Cell wrom3_rom_precharge_array_0 boundary was redefined.
Error while reading cell "wrom3_rom_precharge_array_0" (byte position 5880706): Warning:  Cell wrom3_rom_precharge_array_0 boundary was redefined.
Error while reading cell "wrom3_rom_precharge_array_0" (byte position 5880706): Warning:  Cell wrom3_rom_precharge_array_0 boundary was redefined.
Error while reading cell "wrom3_rom_precharge_array_0" (byte position 5880706): Warning:  Cell wrom3_rom_precharge_array_0 boundary was redefined.
Error while reading cell "wrom3_rom_precharge_array_0" (byte position 5880706): Warning:  Cell wrom3_rom_precharge_array_0 boundary was redefined.
Error while reading cell "wrom3_rom_precharge_array_0" (byte position 5880706): Warning:  Cell wrom3_rom_precharge_array_0 boundary was redefined.
Error while reading cell "wrom3_rom_precharge_array_0" (byte position 5880706): Warning:  Cell wrom3_rom_precharge_array_0 boundary was redefined.
Error while reading cell "wrom3_rom_precharge_array_0" (byte position 5880706): Warning:  Cell wrom3_rom_precharge_array_0 boundary was redefined.
Error while reading cell "wrom3_rom_precharge_array_0" (byte position 5880706): Warning:  Cell wrom3_rom_precharge_array_0 boundary was redefined.
Error while reading cell "wrom3_rom_precharge_array_0" (byte position 5880706): Warning:  Cell wrom3_rom_precharge_array_0 boundary was redefined.
Error while reading cell "wrom3_rom_precharge_array_0" (byte position 5880706): Warning:  Cell wrom3_rom_precharge_array_0 boundary was redefined.
Error while reading cell "wrom3_rom_precharge_array_0" (byte position 5880706): Warning:  Cell wrom3_rom_precharge_array_0 boundary was redefined.
Error while reading cell "wrom3_rom_precharge_array_0" (byte position 5880706): Warning:  Cell wrom3_rom_precharge_array_0 boundary was redefined.
Error while reading cell "wrom3_rom_precharge_array_0" (byte position 5880706): Warning:  Cell wrom3_rom_precharge_array_0 boundary was redefined.
Error while reading cell "wrom3_rom_precharge_array_0" (byte position 5880706): Warning:  Cell wrom3_rom_precharge_array_0 boundary was redefined.
Error while reading cell "wrom3_rom_precharge_array_0" (byte position 5880706): Warning:  Cell wrom3_rom_precharge_array_0 boundary was redefined.
Error while reading cell "wrom3_rom_precharge_array_0" (byte position 5880706): Warning:  Cell wrom3_rom_precharge_array_0 boundary was redefined.
Error while reading cell "wrom3_rom_precharge_array_0" (byte position 5880706): Warning:  Cell wrom3_rom_precharge_array_0 boundary was redefined.
Error while reading cell "wrom3_rom_precharge_array_0" (byte position 5880706): Warning:  Cell wrom3_rom_precharge_array_0 boundary was redefined.
Error while reading cell "wrom3_rom_precharge_array_0" (byte position 5880706): Warning:  Cell wrom3_rom_precharge_array_0 boundary was redefined.
Error while reading cell "wrom3_rom_precharge_array_0" (byte position 5880706): Warning:  Cell wrom3_rom_precharge_array_0 boundary was redefined.
Error while reading cell "wrom3_rom_precharge_array_0" (byte position 5880706): Warning:  Cell wrom3_rom_precharge_array_0 boundary was redefined.
Error while reading cell "wrom3_rom_precharge_array_0" (byte position 5880706): Warning:  Cell wrom3_rom_precharge_array_0 boundary was redefined.
Error while reading cell "wrom3_rom_precharge_array_0" (byte position 5880706): Warning:  Cell wrom3_rom_precharge_array_0 boundary was redefined.
Error while reading cell "wrom3_rom_precharge_array_0" (byte position 5880706): Warning:  Cell wrom3_rom_precharge_array_0 boundary was redefined.
Error while reading cell "wrom3_rom_precharge_array_0" (byte position 5880706): Warning:  Cell wrom3_rom_precharge_array_0 boundary was redefined.
Error while reading cell "wrom3_rom_precharge_array_0" (byte position 5880706): Warning:  Cell wrom3_rom_precharge_array_0 boundary was redefined.
Error while reading cell "wrom3_rom_precharge_array_0" (byte position 5880706): Warning:  Cell wrom3_rom_precharge_array_0 boundary was redefined.
Error while reading cell "wrom3_rom_precharge_array_0" (byte position 5880706): Warning:  Cell wrom3_rom_precharge_array_0 boundary was redefined.
Error while reading cell "wrom3_rom_precharge_array_0" (byte position 5880706): Warning:  Cell wrom3_rom_precharge_array_0 boundary was redefined.
Error while reading cell "wrom3_rom_precharge_array_0" (byte position 5880706): Warning:  Cell wrom3_rom_precharge_array_0 boundary was redefined.
Error while reading cell "wrom3_rom_precharge_array_0" (byte position 5880706): Warning:  Cell wrom3_rom_precharge_array_0 boundary was redefined.
Error while reading cell "wrom3_rom_precharge_array_0" (byte position 5880706): Warning:  Cell wrom3_rom_precharge_array_0 boundary was redefined.
Error while reading cell "wrom3_rom_precharge_array_0" (byte position 5880706): Warning:  Cell wrom3_rom_precharge_array_0 boundary was redefined.
Error while reading cell "wrom3_rom_precharge_array_0" (byte position 5880706): Warning:  Cell wrom3_rom_precharge_array_0 boundary was redefined.
Error while reading cell "wrom3_rom_precharge_array_0" (byte position 5880706): Warning:  Cell wrom3_rom_precharge_array_0 boundary was redefined.
Error while reading cell "wrom3_rom_precharge_array_0" (byte position 5880706): Warning:  Cell wrom3_rom_precharge_array_0 boundary was redefined.
Error while reading cell "wrom3_rom_precharge_array_0" (byte position 5880706): Warning:  Cell wrom3_rom_precharge_array_0 boundary was redefined.
Error while reading cell "wrom3_rom_precharge_array_0" (byte position 5880706): Warning:  Cell wrom3_rom_precharge_array_0 boundary was redefined.
Error while reading cell "wrom3_rom_precharge_array_0" (byte position 5880706): Warning:  Cell wrom3_rom_precharge_array_0 boundary was redefined.
Error while reading cell "wrom3_rom_precharge_array_0" (byte position 5880706): Warning:  Cell wrom3_rom_precharge_array_0 boundary was redefined.
Error while reading cell "wrom3_rom_precharge_array_0" (byte position 5880706): Warning:  Cell wrom3_rom_precharge_array_0 boundary was redefined.
Error while reading cell "wrom3_rom_precharge_array_0" (byte position 5880706): Warning:  Cell wrom3_rom_precharge_array_0 boundary was redefined.
Error while reading cell "wrom3_rom_precharge_array_0" (byte position 5880706): Warning:  Cell wrom3_rom_precharge_array_0 boundary was redefined.
Error while reading cell "wrom3_rom_precharge_array_0" (byte position 5880706): Warning:  Cell wrom3_rom_precharge_array_0 boundary was redefined.
Error while reading cell "wrom3_rom_precharge_array_0" (byte position 5880706): Warning:  Cell wrom3_rom_precharge_array_0 boundary was redefined.
Error while reading cell "wrom3_rom_precharge_array_0" (byte position 5880706): Warning:  Cell wrom3_rom_precharge_array_0 boundary was redefined.
Error while reading cell "wrom3_rom_precharge_array_0" (byte position 5880706): Warning:  Cell wrom3_rom_precharge_array_0 boundary was redefined.
Error while reading cell "wrom3_rom_precharge_array_0" (byte position 5880706): Warning:  Cell wrom3_rom_precharge_array_0 boundary was redefined.
Error while reading cell "wrom3_rom_precharge_array_0" (byte position 5880706): Warning:  Cell wrom3_rom_precharge_array_0 boundary was redefined.
Error while reading cell "wrom3_rom_precharge_array_0" (byte position 5880706): Warning:  Cell wrom3_rom_precharge_array_0 boundary was redefined.
Error while reading cell "wrom3_rom_precharge_array_0" (byte position 5880706): Warning:  Cell wrom3_rom_precharge_array_0 boundary was redefined.
Error while reading cell "wrom3_rom_precharge_array_0" (byte position 5880706): Warning:  Cell wrom3_rom_precharge_array_0 boundary was redefined.
Error while reading cell "wrom3_rom_precharge_array_0" (byte position 5880706): Warning:  Cell wrom3_rom_precharge_array_0 boundary was redefined.
Error while reading cell "wrom3_rom_precharge_array_0" (byte position 5880706): Warning:  Cell wrom3_rom_precharge_array_0 boundary was redefined.
Error while reading cell "wrom3_rom_precharge_array_0" (byte position 5880706): Warning:  Cell wrom3_rom_precharge_array_0 boundary was redefined.
Error while reading cell "wrom3_rom_precharge_array_0" (byte position 5880706): Warning:  Cell wrom3_rom_precharge_array_0 boundary was redefined.
Error while reading cell "wrom3_rom_precharge_array_0" (byte position 5880706): Warning:  Cell wrom3_rom_precharge_array_0 boundary was redefined.
Error while reading cell "wrom3_rom_precharge_array_0" (byte position 5880706): Warning:  Cell wrom3_rom_precharge_array_0 boundary was redefined.
Error while reading cell "wrom3_rom_precharge_array_0" (byte position 5880706): Warning:  Cell wrom3_rom_precharge_array_0 boundary was redefined.
Error while reading cell "wrom3_rom_precharge_array_0" (byte position 5880706): Warning:  Cell wrom3_rom_precharge_array_0 boundary was redefined.
Error while reading cell "wrom3_rom_precharge_array_0" (byte position 5880706): Warning:  Cell wrom3_rom_precharge_array_0 boundary was redefined.
Error while reading cell "wrom3_rom_precharge_array_0" (byte position 5880706): Warning:  Cell wrom3_rom_precharge_array_0 boundary was redefined.
Error while reading cell "wrom3_rom_precharge_array_0" (byte position 5880706): Warning:  Cell wrom3_rom_precharge_array_0 boundary was redefined.
Error while reading cell "wrom3_rom_precharge_array_0" (byte position 5880706): Warning:  Cell wrom3_rom_precharge_array_0 boundary was redefined.
Error while reading cell "wrom3_rom_precharge_array_0" (byte position 5880706): Warning:  Cell wrom3_rom_precharge_array_0 boundary was redefined.
Error while reading cell "wrom3_rom_precharge_array_0" (byte position 5880706): Warning:  Cell wrom3_rom_precharge_array_0 boundary was redefined.
Error while reading cell "wrom3_rom_precharge_array_0" (byte position 5880706): Warning:  Cell wrom3_rom_precharge_array_0 boundary was redefined.
Error while reading cell "wrom3_rom_precharge_array_0" (byte position 5880706): Warning:  Cell wrom3_rom_precharge_array_0 boundary was redefined.
Error while reading cell "wrom3_rom_precharge_array_0" (byte position 5880706): Warning:  Cell wrom3_rom_precharge_array_0 boundary was redefined.
Error while reading cell "wrom3_rom_precharge_array_0" (byte position 5880706): Warning:  Cell wrom3_rom_precharge_array_0 boundary was redefined.
Error while reading cell "wrom3_rom_precharge_array_0" (byte position 5880706): Warning:  Cell wrom3_rom_precharge_array_0 boundary was redefined.
Error while reading cell "wrom3_rom_precharge_array_0" (byte position 5880706): Warning:  Cell wrom3_rom_precharge_array_0 boundary was redefined.
Error while reading cell "wrom3_rom_precharge_array_0" (byte position 5880706): Warning:  Cell wrom3_rom_precharge_array_0 boundary was redefined.
Error while reading cell "wrom3_rom_precharge_array_0" (byte position 5880706): Warning:  Cell wrom3_rom_precharge_array_0 boundary was redefined.
Error while reading cell "wrom3_rom_precharge_array_0" (byte position 5880706): Warning:  Cell wrom3_rom_precharge_array_0 boundary was redefined.
Error while reading cell "wrom3_rom_precharge_array_0" (byte position 5880706): Warning:  Cell wrom3_rom_precharge_array_0 boundary was redefined.
Error while reading cell "wrom3_rom_precharge_array_0" (byte position 5880706): Warning:  Cell wrom3_rom_precharge_array_0 boundary was redefined.
Error while reading cell "wrom3_rom_precharge_array_0" (byte position 5880706): Warning:  Cell wrom3_rom_precharge_array_0 boundary was redefined.
Error while reading cell "wrom3_rom_precharge_array_0" (byte position 5880706): Warning:  Cell wrom3_rom_precharge_array_0 boundary was redefined.
Error while reading cell "wrom3_rom_precharge_array_0" (byte position 5880706): Warning:  Cell wrom3_rom_precharge_array_0 boundary was redefined.
Error while reading cell "wrom3_rom_precharge_array_0" (byte position 5880706): Warning:  Cell wrom3_rom_precharge_array_0 boundary was redefined.
Error while reading cell "wrom3_rom_precharge_array_0" (byte position 5880706): Warning:  Cell wrom3_rom_precharge_array_0 boundary was redefined.
Error while reading cell "wrom3_rom_precharge_array_0" (byte position 5880706): Warning:  Cell wrom3_rom_precharge_array_0 boundary was redefined.
Error while reading cell "wrom3_rom_precharge_array_0" (byte position 5880706): Warning:  Cell wrom3_rom_precharge_array_0 boundary was redefined.
Error while reading cell "wrom3_rom_precharge_array_0" (byte position 5880706): Warning:  Cell wrom3_rom_precharge_array_0 boundary was redefined.
Error while reading cell "wrom3_rom_precharge_array_0" (byte position 5880706): Warning:  Cell wrom3_rom_precharge_array_0 boundary was redefined.
Error while reading cell "wrom3_rom_precharge_array_0" (byte position 5880706): Warning:  Cell wrom3_rom_precharge_array_0 boundary was redefined.
Error while reading cell "wrom3_rom_precharge_array_0" (byte position 5880706): Warning:  Cell wrom3_rom_precharge_array_0 boundary was redefined.
Error while reading cell "wrom3_rom_precharge_array_0" (byte position 5880706): Warning:  Cell wrom3_rom_precharge_array_0 boundary was redefined.
Error while reading cell "wrom3_rom_precharge_array_0" (byte position 5880706): Warning:  Cell wrom3_rom_precharge_array_0 boundary was redefined.
Error while reading cell "wrom3_rom_precharge_array_0" (byte position 5880706): Warning:  Cell wrom3_rom_precharge_array_0 boundary was redefined.
Error while reading cell "wrom3_rom_precharge_array_0" (byte position 5880706): Warning:  Cell wrom3_rom_precharge_array_0 boundary was redefined.
Error while reading cell "wrom3_rom_precharge_array_0" (byte position 5880706): Warning:  Cell wrom3_rom_precharge_array_0 boundary was redefined.
Error while reading cell "wrom3_rom_precharge_array_0" (byte position 5880706): Warning:  Cell wrom3_rom_precharge_array_0 boundary was redefined.
Error while reading cell "wrom3_rom_precharge_array_0" (byte position 5880706): Warning:  Cell wrom3_rom_precharge_array_0 boundary was redefined.
Error while reading cell "wrom3_rom_precharge_array_0" (byte position 5880706): Warning:  Cell wrom3_rom_precharge_array_0 boundary was redefined.
Error while reading cell "wrom3_rom_precharge_array_0" (byte position 5880706): Warning:  Cell wrom3_rom_precharge_array_0 boundary was redefined.
Error while reading cell "wrom3_rom_precharge_array_0" (byte position 5880706): Warning:  Cell wrom3_rom_precharge_array_0 boundary was redefined.
Error while reading cell "wrom3_rom_precharge_array_0" (byte position 5880706): Warning:  Cell wrom3_rom_precharge_array_0 boundary was redefined.
Error while reading cell "wrom3_rom_precharge_array_0" (byte position 5880706): Warning:  Cell wrom3_rom_precharge_array_0 boundary was redefined.
Error while reading cell "wrom3_rom_precharge_array_0" (byte position 5880706): Warning:  Cell wrom3_rom_precharge_array_0 boundary was redefined.
Error while reading cell "wrom3_rom_precharge_array_0" (byte position 5880706): Warning:  Cell wrom3_rom_precharge_array_0 boundary was redefined.
Error while reading cell "wrom3_rom_precharge_array_0" (byte position 5880706): Warning:  Cell wrom3_rom_precharge_array_0 boundary was redefined.
Error while reading cell "wrom3_rom_precharge_array_0" (byte position 5880706): Warning:  Cell wrom3_rom_precharge_array_0 boundary was redefined.
Error while reading cell "wrom3_rom_precharge_array_0" (byte position 5880706): Warning:  Cell wrom3_rom_precharge_array_0 boundary was redefined.
Error while reading cell "wrom3_rom_precharge_array_0" (byte position 5880706): Warning:  Cell wrom3_rom_precharge_array_0 boundary was redefined.
Error while reading cell "wrom3_rom_precharge_array_0" (byte position 5880706): Warning:  Cell wrom3_rom_precharge_array_0 boundary was redefined.
Error while reading cell "wrom3_rom_precharge_array_0" (byte position 5880706): Warning:  Cell wrom3_rom_precharge_array_0 boundary was redefined.
Error while reading cell "wrom3_rom_precharge_array_0" (byte position 5880706): Warning:  Cell wrom3_rom_precharge_array_0 boundary was redefined.
Error while reading cell "wrom3_rom_precharge_array_0" (byte position 5880706): Warning:  Cell wrom3_rom_precharge_array_0 boundary was redefined.
Error while reading cell "wrom3_rom_precharge_array_0" (byte position 5880706): Warning:  Cell wrom3_rom_precharge_array_0 boundary was redefined.
Error while reading cell "wrom3_rom_precharge_array_0" (byte position 5880706): Warning:  Cell wrom3_rom_precharge_array_0 boundary was redefined.
Error while reading cell "wrom3_rom_precharge_array_0" (byte position 5880706): Warning:  Cell wrom3_rom_precharge_array_0 boundary was redefined.
Error while reading cell "wrom3_rom_precharge_array_0" (byte position 5880706): Warning:  Cell wrom3_rom_precharge_array_0 boundary was redefined.
Error while reading cell "wrom3_rom_precharge_array_0" (byte position 5880706): Warning:  Cell wrom3_rom_precharge_array_0 boundary was redefined.
Error while reading cell "wrom3_rom_precharge_array_0" (byte position 5880706): Warning:  Cell wrom3_rom_precharge_array_0 boundary was redefined.
Error while reading cell "wrom3_rom_precharge_array_0" (byte position 5880706): Warning:  Cell wrom3_rom_precharge_array_0 boundary was redefined.
Error while reading cell "wrom3_rom_precharge_array_0" (byte position 5880706): Warning:  Cell wrom3_rom_precharge_array_0 boundary was redefined.
Error while reading cell "wrom3_rom_precharge_array_0" (byte position 5880706): Warning:  Cell wrom3_rom_precharge_array_0 boundary was redefined.
Error while reading cell "wrom3_rom_precharge_array_0" (byte position 5880706): Warning:  Cell wrom3_rom_precharge_array_0 boundary was redefined.
Error while reading cell "wrom3_rom_precharge_array_0" (byte position 5880706): Warning:  Cell wrom3_rom_precharge_array_0 boundary was redefined.
Error while reading cell "wrom3_rom_precharge_array_0" (byte position 5880706): Warning:  Cell wrom3_rom_precharge_array_0 boundary was redefined.
Error while reading cell "wrom3_rom_precharge_array_0" (byte position 5880706): Warning:  Cell wrom3_rom_precharge_array_0 boundary was redefined.
Error while reading cell "wrom3_rom_precharge_array_0" (byte position 5880706): Warning:  Cell wrom3_rom_precharge_array_0 boundary was redefined.
Error while reading cell "wrom3_rom_precharge_array_0" (byte position 5880706): Warning:  Cell wrom3_rom_precharge_array_0 boundary was redefined.
Error while reading cell "wrom3_rom_precharge_array_0" (byte position 5880706): Warning:  Cell wrom3_rom_precharge_array_0 boundary was redefined.
Error while reading cell "wrom3_rom_precharge_array_0" (byte position 5880706): Warning:  Cell wrom3_rom_precharge_array_0 boundary was redefined.
Error while reading cell "wrom3_rom_precharge_array_0" (byte position 5880706): Warning:  Cell wrom3_rom_precharge_array_0 boundary was redefined.
Error while reading cell "wrom3_rom_precharge_array_0" (byte position 5880706): Warning:  Cell wrom3_rom_precharge_array_0 boundary was redefined.
Error while reading cell "wrom3_rom_precharge_array_0" (byte position 5880706): Warning:  Cell wrom3_rom_precharge_array_0 boundary was redefined.
Error while reading cell "wrom3_rom_precharge_array_0" (byte position 5880706): Warning:  Cell wrom3_rom_precharge_array_0 boundary was redefined.
Error while reading cell "wrom3_rom_precharge_array_0" (byte position 5880706): Warning:  Cell wrom3_rom_precharge_array_0 boundary was redefined.
Error while reading cell "wrom3_rom_precharge_array_0" (byte position 5880706): Warning:  Cell wrom3_rom_precharge_array_0 boundary was redefined.
Error while reading cell "wrom3_rom_precharge_array_0" (byte position 5880706): Warning:  Cell wrom3_rom_precharge_array_0 boundary was redefined.
Error while reading cell "wrom3_rom_precharge_array_0" (byte position 5880706): Warning:  Cell wrom3_rom_precharge_array_0 boundary was redefined.
Error while reading cell "wrom3_rom_precharge_array_0" (byte position 5880706): Warning:  Cell wrom3_rom_precharge_array_0 boundary was redefined.
Error while reading cell "wrom3_rom_precharge_array_0" (byte position 5880706): Warning:  Cell wrom3_rom_precharge_array_0 boundary was redefined.
Error while reading cell "wrom3_rom_precharge_array_0" (byte position 5880706): Warning:  Cell wrom3_rom_precharge_array_0 boundary was redefined.
Error while reading cell "wrom3_rom_precharge_array_0" (byte position 5880706): Warning:  Cell wrom3_rom_precharge_array_0 boundary was redefined.
Error while reading cell "wrom3_rom_precharge_array_0" (byte position 5880706): Warning:  Cell wrom3_rom_precharge_array_0 boundary was redefined.
Error while reading cell "wrom3_rom_precharge_array_0" (byte position 5880706): Warning:  Cell wrom3_rom_precharge_array_0 boundary was redefined.
Error while reading cell "wrom3_rom_precharge_array_0" (byte position 5880706): Warning:  Cell wrom3_rom_precharge_array_0 boundary was redefined.
Error while reading cell "wrom3_rom_precharge_array_0" (byte position 5880706): Warning:  Cell wrom3_rom_precharge_array_0 boundary was redefined.
Error while reading cell "wrom3_rom_precharge_array_0" (byte position 5880706): Warning:  Cell wrom3_rom_precharge_array_0 boundary was redefined.
Error while reading cell "wrom3_rom_precharge_array_0" (byte position 5880706): Warning:  Cell wrom3_rom_precharge_array_0 boundary was redefined.
Error while reading cell "wrom3_rom_precharge_array_0" (byte position 5880706): Warning:  Cell wrom3_rom_precharge_array_0 boundary was redefined.
Error while reading cell "wrom3_rom_precharge_array_0" (byte position 5880706): Warning:  Cell wrom3_rom_precharge_array_0 boundary was redefined.
Error while reading cell "wrom3_rom_precharge_array_0" (byte position 5880706): Warning:  Cell wrom3_rom_precharge_array_0 boundary was redefined.
Error while reading cell "wrom3_rom_precharge_array_0" (byte position 5880706): Warning:  Cell wrom3_rom_precharge_array_0 boundary was redefined.
Error while reading cell "wrom3_rom_precharge_array_0" (byte position 5880706): Warning:  Cell wrom3_rom_precharge_array_0 boundary was redefined.
Error while reading cell "wrom3_rom_precharge_array_0" (byte position 5880706): Warning:  Cell wrom3_rom_precharge_array_0 boundary was redefined.
Error while reading cell "wrom3_rom_precharge_array_0" (byte position 5880706): Warning:  Cell wrom3_rom_precharge_array_0 boundary was redefined.
Error while reading cell "wrom3_rom_precharge_array_0" (byte position 5880706): Warning:  Cell wrom3_rom_precharge_array_0 boundary was redefined.
Error while reading cell "wrom3_rom_precharge_array_0" (byte position 5880706): Warning:  Cell wrom3_rom_precharge_array_0 boundary was redefined.
Error while reading cell "wrom3_rom_precharge_array_0" (byte position 5880706): Warning:  Cell wrom3_rom_precharge_array_0 boundary was redefined.
Error while reading cell "wrom3_rom_precharge_array_0" (byte position 5880706): Warning:  Cell wrom3_rom_precharge_array_0 boundary was redefined.
Error while reading cell "wrom3_rom_precharge_array_0" (byte position 5880706): Warning:  Cell wrom3_rom_precharge_array_0 boundary was redefined.
Error while reading cell "wrom3_rom_precharge_array_0" (byte position 5880706): Warning:  Cell wrom3_rom_precharge_array_0 boundary was redefined.
Error while reading cell "wrom3_rom_precharge_array_0" (byte position 5880706): Warning:  Cell wrom3_rom_precharge_array_0 boundary was redefined.
Error while reading cell "wrom3_rom_precharge_array_0" (byte position 5880706): Warning:  Cell wrom3_rom_precharge_array_0 boundary was redefined.
Error while reading cell "wrom3_rom_precharge_array_0" (byte position 5880706): Warning:  Cell wrom3_rom_precharge_array_0 boundary was redefined.
Error while reading cell "wrom3_rom_precharge_array_0" (byte position 5880706): Warning:  Cell wrom3_rom_precharge_array_0 boundary was redefined.
Error while reading cell "wrom3_rom_precharge_array_0" (byte position 5880706): Warning:  Cell wrom3_rom_precharge_array_0 boundary was redefined.
Error while reading cell "wrom3_rom_precharge_array_0" (byte position 5880706): Warning:  Cell wrom3_rom_precharge_array_0 boundary was redefined.
Error while reading cell "wrom3_rom_precharge_array_0" (byte position 5880706): Warning:  Cell wrom3_rom_precharge_array_0 boundary was redefined.
Error while reading cell "wrom3_rom_precharge_array_0" (byte position 5880706): Warning:  Cell wrom3_rom_precharge_array_0 boundary was redefined.
Error while reading cell "wrom3_rom_precharge_array_0" (byte position 5880706): Warning:  Cell wrom3_rom_precharge_array_0 boundary was redefined.
Error while reading cell "wrom3_rom_precharge_array_0" (byte position 5880706): Warning:  Cell wrom3_rom_precharge_array_0 boundary was redefined.
Error while reading cell "wrom3_rom_precharge_array_0" (byte position 5880706): Warning:  Cell wrom3_rom_precharge_array_0 boundary was redefined.
Error while reading cell "wrom3_rom_precharge_array_0" (byte position 5880706): Warning:  Cell wrom3_rom_precharge_array_0 boundary was redefined.
Error while reading cell "wrom3_rom_precharge_array_0" (byte position 5880706): Warning:  Cell wrom3_rom_precharge_array_0 boundary was redefined.
Error while reading cell "wrom3_rom_precharge_array_0" (byte position 5880706): Warning:  Cell wrom3_rom_precharge_array_0 boundary was redefined.
Error while reading cell "wrom3_rom_precharge_array_0" (byte position 5880706): Warning:  Cell wrom3_rom_precharge_array_0 boundary was redefined.
Error while reading cell "wrom3_rom_precharge_array_0" (byte position 5880706): Warning:  Cell wrom3_rom_precharge_array_0 boundary was redefined.
Error while reading cell "wrom3_rom_precharge_array_0" (byte position 5880706): Warning:  Cell wrom3_rom_precharge_array_0 boundary was redefined.
Error while reading cell "wrom3_rom_precharge_array_0" (byte position 5880706): Warning:  Cell wrom3_rom_precharge_array_0 boundary was redefined.
Error while reading cell "wrom3_rom_precharge_array_0" (byte position 5880706): Warning:  Cell wrom3_rom_precharge_array_0 boundary was redefined.
Error while reading cell "wrom3_rom_precharge_array_0" (byte position 5880706): Warning:  Cell wrom3_rom_precharge_array_0 boundary was redefined.
Error while reading cell "wrom3_rom_precharge_array_0" (byte position 5880706): Warning:  Cell wrom3_rom_precharge_array_0 boundary was redefined.
Error while reading cell "wrom3_rom_precharge_array_0" (byte position 5880706): Warning:  Cell wrom3_rom_precharge_array_0 boundary was redefined.
Error while reading cell "wrom3_rom_precharge_array_0" (byte position 5880706): Warning:  Cell wrom3_rom_precharge_array_0 boundary was redefined.
Error while reading cell "wrom3_rom_precharge_array_0" (byte position 5880706): Warning:  Cell wrom3_rom_precharge_array_0 boundary was redefined.
Error while reading cell "wrom3_rom_precharge_array_0" (byte position 5880706): Warning:  Cell wrom3_rom_precharge_array_0 boundary was redefined.
Error while reading cell "wrom3_rom_precharge_array_0" (byte position 5880706): Warning:  Cell wrom3_rom_precharge_array_0 boundary was redefined.
Error while reading cell "wrom3_rom_precharge_array_0" (byte position 5880706): Warning:  Cell wrom3_rom_precharge_array_0 boundary was redefined.
Error while reading cell "wrom3_rom_precharge_array_0" (byte position 5880706): Warning:  Cell wrom3_rom_precharge_array_0 boundary was redefined.
Error while reading cell "wrom3_rom_precharge_array_0" (byte position 5880706): Warning:  Cell wrom3_rom_precharge_array_0 boundary was redefined.
Error while reading cell "wrom3_rom_precharge_array_0" (byte position 5880706): Warning:  Cell wrom3_rom_precharge_array_0 boundary was redefined.
Error while reading cell "wrom3_rom_precharge_array_0" (byte position 5880706): Warning:  Cell wrom3_rom_precharge_array_0 boundary was redefined.
Error while reading cell "wrom3_rom_precharge_array_0" (byte position 5880706): Warning:  Cell wrom3_rom_precharge_array_0 boundary was redefined.
Error while reading cell "wrom3_rom_precharge_array_0" (byte position 5880706): Warning:  Cell wrom3_rom_precharge_array_0 boundary was redefined.
Error while reading cell "wrom3_rom_precharge_array_0" (byte position 5880706): Warning:  Cell wrom3_rom_precharge_array_0 boundary was redefined.
Error while reading cell "wrom3_rom_precharge_array_0" (byte position 5880706): Warning:  Cell wrom3_rom_precharge_array_0 boundary was redefined.
Error while reading cell "wrom3_rom_precharge_array_0" (byte position 5880706): Warning:  Cell wrom3_rom_precharge_array_0 boundary was redefined.
Error while reading cell "wrom3_rom_precharge_array_0" (byte position 5880706): Warning:  Cell wrom3_rom_precharge_array_0 boundary was redefined.
Error while reading cell "wrom3_rom_precharge_array_0" (byte position 5880706): Warning:  Cell wrom3_rom_precharge_array_0 boundary was redefined.
Error while reading cell "wrom3_rom_precharge_array_0" (byte position 5880706): Warning:  Cell wrom3_rom_precharge_array_0 boundary was redefined.
Error while reading cell "wrom3_rom_precharge_array_0" (byte position 5880706): Warning:  Cell wrom3_rom_precharge_array_0 boundary was redefined.
Error while reading cell "wrom3_rom_precharge_array_0" (byte position 5880706): Warning:  Cell wrom3_rom_precharge_array_0 boundary was redefined.
Error while reading cell "wrom3_rom_precharge_array_0" (byte position 5880706): Warning:  Cell wrom3_rom_precharge_array_0 boundary was redefined.
Error while reading cell "wrom3_rom_precharge_array_0" (byte position 5880706): Warning:  Cell wrom3_rom_precharge_array_0 boundary was redefined.
Error while reading cell "wrom3_rom_precharge_array_0" (byte position 5880706): Warning:  Cell wrom3_rom_precharge_array_0 boundary was redefined.
Error while reading cell "wrom3_rom_precharge_array_0" (byte position 5880706): Warning:  Cell wrom3_rom_precharge_array_0 boundary was redefined.
Error while reading cell "wrom3_rom_precharge_array_0" (byte position 5880706): Warning:  Cell wrom3_rom_precharge_array_0 boundary was redefined.
Error while reading cell "wrom3_rom_precharge_array_0" (byte position 5880706): Warning:  Cell wrom3_rom_precharge_array_0 boundary was redefined.
Error while reading cell "wrom3_rom_precharge_array_0" (byte position 5880706): Warning:  Cell wrom3_rom_precharge_array_0 boundary was redefined.
Error while reading cell "wrom3_rom_precharge_array_0" (byte position 5880706): Warning:  Cell wrom3_rom_precharge_array_0 boundary was redefined.
Error while reading cell "wrom3_rom_precharge_array_0" (byte position 5880706): Warning:  Cell wrom3_rom_precharge_array_0 boundary was redefined.
Error while reading cell "wrom3_rom_precharge_array_0" (byte position 5880706): Warning:  Cell wrom3_rom_precharge_array_0 boundary was redefined.
Error while reading cell "wrom3_rom_precharge_array_0" (byte position 5880706): Warning:  Cell wrom3_rom_precharge_array_0 boundary was redefined.
Error while reading cell "wrom3_rom_precharge_array_0" (byte position 5880706): Warning:  Cell wrom3_rom_precharge_array_0 boundary was redefined.
Error while reading cell "wrom3_rom_precharge_array_0" (byte position 5880706): Warning:  Cell wrom3_rom_precharge_array_0 boundary was redefined.
Error while reading cell "wrom3_rom_precharge_array_0" (byte position 5880706): Warning:  Cell wrom3_rom_precharge_array_0 boundary was redefined.
Error while reading cell "wrom3_rom_precharge_array_0" (byte position 5880706): Warning:  Cell wrom3_rom_precharge_array_0 boundary was redefined.
Error while reading cell "wrom3_rom_precharge_array_0" (byte position 5880706): Warning:  Cell wrom3_rom_precharge_array_0 boundary was redefined.
Error while reading cell "wrom3_rom_precharge_array_0" (byte position 5880706): Warning:  Cell wrom3_rom_precharge_array_0 boundary was redefined.
Error while reading cell "wrom3_rom_precharge_array_0" (byte position 5880706): Warning:  Cell wrom3_rom_precharge_array_0 boundary was redefined.
Error while reading cell "wrom3_rom_precharge_array_0" (byte position 5880706): Warning:  Cell wrom3_rom_precharge_array_0 boundary was redefined.
Error while reading cell "wrom3_rom_precharge_array_0" (byte position 5880706): Warning:  Cell wrom3_rom_precharge_array_0 boundary was redefined.
Error while reading cell "wrom3_rom_precharge_array_0" (byte position 5880706): Warning:  Cell wrom3_rom_precharge_array_0 boundary was redefined.
Error while reading cell "wrom3_rom_precharge_array_0" (byte position 5880706): Warning:  Cell wrom3_rom_precharge_array_0 boundary was redefined.
Error while reading cell "wrom3_rom_precharge_array_0" (byte position 5880706): Warning:  Cell wrom3_rom_precharge_array_0 boundary was redefined.
Error while reading cell "wrom3_rom_precharge_array_0" (byte position 5880706): Warning:  Cell wrom3_rom_precharge_array_0 boundary was redefined.
Error while reading cell "wrom3_rom_precharge_array_0" (byte position 5880706): Warning:  Cell wrom3_rom_precharge_array_0 boundary was redefined.
Error while reading cell "wrom3_rom_precharge_array_0" (byte position 5880706): Warning:  Cell wrom3_rom_precharge_array_0 boundary was redefined.
Error while reading cell "wrom3_rom_precharge_array_0" (byte position 5880706): Warning:  Cell wrom3_rom_precharge_array_0 boundary was redefined.
Error while reading cell "wrom3_rom_precharge_array_0" (byte position 5880706): Warning:  Cell wrom3_rom_precharge_array_0 boundary was redefined.
Error while reading cell "wrom3_rom_precharge_array_0" (byte position 5880706): Warning:  Cell wrom3_rom_precharge_array_0 boundary was redefined.
Error while reading cell "wrom3_rom_precharge_array_0" (byte position 5880706): Warning:  Cell wrom3_rom_precharge_array_0 boundary was redefined.
Error while reading cell "wrom3_rom_precharge_array_0" (byte position 5880706): Warning:  Cell wrom3_rom_precharge_array_0 boundary was redefined.
Error while reading cell "wrom3_rom_precharge_array_0" (byte position 5880706): Warning:  Cell wrom3_rom_precharge_array_0 boundary was redefined.
Error while reading cell "wrom3_rom_precharge_array_0" (byte position 5880706): Warning:  Cell wrom3_rom_precharge_array_0 boundary was redefined.
Error while reading cell "wrom3_rom_precharge_array_0" (byte position 5880706): Warning:  Cell wrom3_rom_precharge_array_0 boundary was redefined.
Error while reading cell "wrom3_rom_precharge_array_0" (byte position 5880706): Warning:  Cell wrom3_rom_precharge_array_0 boundary was redefined.
Error while reading cell "wrom3_rom_precharge_array_0" (byte position 5880706): Warning:  Cell wrom3_rom_precharge_array_0 boundary was redefined.
Error while reading cell "wrom3_rom_precharge_array_0" (byte position 5880706): Warning:  Cell wrom3_rom_precharge_array_0 boundary was redefined.
Error while reading cell "wrom3_rom_precharge_array_0" (byte position 5880706): Warning:  Cell wrom3_rom_precharge_array_0 boundary was redefined.
Error while reading cell "wrom3_rom_precharge_array_0" (byte position 5880706): Warning:  Cell wrom3_rom_precharge_array_0 boundary was redefined.
Error while reading cell "wrom3_rom_precharge_array_0" (byte position 5880706): Warning:  Cell wrom3_rom_precharge_array_0 boundary was redefined.
Error while reading cell "wrom3_rom_precharge_array_0" (byte position 5880706): Warning:  Cell wrom3_rom_precharge_array_0 boundary was redefined.
Error while reading cell "wrom3_rom_precharge_array_0" (byte position 5880706): Warning:  Cell wrom3_rom_precharge_array_0 boundary was redefined.
Error while reading cell "wrom3_rom_precharge_array_0" (byte position 5880706): Warning:  Cell wrom3_rom_precharge_array_0 boundary was redefined.
Error while reading cell "wrom3_rom_precharge_array_0" (byte position 5880706): Warning:  Cell wrom3_rom_precharge_array_0 boundary was redefined.
Error while reading cell "wrom3_rom_precharge_array_0" (byte position 5880706): Warning:  Cell wrom3_rom_precharge_array_0 boundary was redefined.
Error while reading cell "wrom3_rom_precharge_array_0" (byte position 5880706): Warning:  Cell wrom3_rom_precharge_array_0 boundary was redefined.
Reading "wrom3_contact_21".
Saving contents of cell wrom3_contact_21
Reading "wrom3_contact_22".
Saving contents of cell wrom3_contact_22
Error while reading cell "wrom3_rom_row_decode_array" (byte position 5823382): Warning:  Cell wrom3_rom_row_decode_array boundary was redefined.
Error while reading cell "wrom3_rom_row_decode_array" (byte position 5823382): Warning:  Cell wrom3_rom_row_decode_array boundary was redefined.
Error while reading cell "wrom3_rom_row_decode_array" (byte position 5823382): Warning:  Cell wrom3_rom_row_decode_array boundary was redefined.
Error while reading cell "wrom3_rom_row_decode_array" (byte position 5823382): Warning:  Cell wrom3_rom_row_decode_array boundary was redefined.
Error while reading cell "wrom3_rom_row_decode_array" (byte position 5823382): Warning:  Cell wrom3_rom_row_decode_array boundary was redefined.
Error while reading cell "wrom3_rom_row_decode_array" (byte position 5823382): Warning:  Cell wrom3_rom_row_decode_array boundary was redefined.
Error while reading cell "wrom3_rom_row_decode_array" (byte position 5823382): Warning:  Cell wrom3_rom_row_decode_array boundary was redefined.
Error while reading cell "wrom3_rom_row_decode_array" (byte position 5823382): Warning:  Cell wrom3_rom_row_decode_array boundary was redefined.
Error while reading cell "wrom3_rom_row_decode_array" (byte position 5823382): Warning:  Cell wrom3_rom_row_decode_array boundary was redefined.
Error while reading cell "wrom3_rom_row_decode_array" (byte position 5823382): Warning:  Cell wrom3_rom_row_decode_array boundary was redefined.
Error while reading cell "wrom3_rom_row_decode_array" (byte position 5823382): Warning:  Cell wrom3_rom_row_decode_array boundary was redefined.
Error while reading cell "wrom3_rom_row_decode_array" (byte position 5823382): Warning:  Cell wrom3_rom_row_decode_array boundary was redefined.
Error while reading cell "wrom3_rom_row_decode_array" (byte position 5823382): Warning:  Cell wrom3_rom_row_decode_array boundary was redefined.
Error while reading cell "wrom3_rom_row_decode_array" (byte position 5823382): Warning:  Cell wrom3_rom_row_decode_array boundary was redefined.
Error while reading cell "wrom3_rom_row_decode_array" (byte position 5823382): Warning:  Cell wrom3_rom_row_decode_array boundary was redefined.
Error while reading cell "wrom3_rom_row_decode_array" (byte position 5823382): Warning:  Cell wrom3_rom_row_decode_array boundary was redefined.
Error while reading cell "wrom3_rom_row_decode_array" (byte position 5823382): Warning:  Cell wrom3_rom_row_decode_array boundary was redefined.
Error while reading cell "wrom3_rom_row_decode_array" (byte position 5823382): Warning:  Cell wrom3_rom_row_decode_array boundary was redefined.
Error while reading cell "wrom3_rom_row_decode_array" (byte position 5823382): Warning:  Cell wrom3_rom_row_decode_array boundary was redefined.
Error while reading cell "wrom3_rom_row_decode_array" (byte position 5823382): Warning:  Cell wrom3_rom_row_decode_array boundary was redefined.
Error while reading cell "wrom3_rom_row_decode_array" (byte position 5823382): Warning:  Cell wrom3_rom_row_decode_array boundary was redefined.
Error while reading cell "wrom3_rom_row_decode_array" (byte position 5823382): Warning:  Cell wrom3_rom_row_decode_array boundary was redefined.
Error while reading cell "wrom3_rom_row_decode_array" (byte position 5823382): Warning:  Cell wrom3_rom_row_decode_array boundary was redefined.
Error while reading cell "wrom3_rom_row_decode_array" (byte position 5823382): Warning:  Cell wrom3_rom_row_decode_array boundary was redefined.
Error while reading cell "wrom3_rom_row_decode_array" (byte position 5823382): Warning:  Cell wrom3_rom_row_decode_array boundary was redefined.
Error while reading cell "wrom3_rom_row_decode_array" (byte position 5823382): Warning:  Cell wrom3_rom_row_decode_array boundary was redefined.
Error while reading cell "wrom3_rom_row_decode_array" (byte position 5823382): Warning:  Cell wrom3_rom_row_decode_array boundary was redefined.
Error while reading cell "wrom3_rom_row_decode_array" (byte position 5823382): Warning:  Cell wrom3_rom_row_decode_array boundary was redefined.
Error while reading cell "wrom3_rom_row_decode_array" (byte position 5823382): Warning:  Cell wrom3_rom_row_decode_array boundary was redefined.
Error while reading cell "wrom3_rom_row_decode_array" (byte position 5823382): Warning:  Cell wrom3_rom_row_decode_array boundary was redefined.
Error while reading cell "wrom3_rom_row_decode_array" (byte position 5823382): Warning:  Cell wrom3_rom_row_decode_array boundary was redefined.
Error while reading cell "wrom3_rom_row_decode_array" (byte position 5823382): Warning:  Cell wrom3_rom_row_decode_array boundary was redefined.
Error while reading cell "wrom3_rom_row_decode_array" (byte position 5823382): Warning:  Cell wrom3_rom_row_decode_array boundary was redefined.
Error while reading cell "wrom3_rom_row_decode_array" (byte position 5823382): Warning:  Cell wrom3_rom_row_decode_array boundary was redefined.
Error while reading cell "wrom3_rom_row_decode_array" (byte position 5823382): Warning:  Cell wrom3_rom_row_decode_array boundary was redefined.
Error while reading cell "wrom3_rom_row_decode_array" (byte position 5823382): Warning:  Cell wrom3_rom_row_decode_array boundary was redefined.
Error while reading cell "wrom3_rom_row_decode_array" (byte position 5823382): Warning:  Cell wrom3_rom_row_decode_array boundary was redefined.
Error while reading cell "wrom3_rom_row_decode_array" (byte position 5823382): Warning:  Cell wrom3_rom_row_decode_array boundary was redefined.
Error while reading cell "wrom3_rom_row_decode_array" (byte position 5823382): Warning:  Cell wrom3_rom_row_decode_array boundary was redefined.
Error while reading cell "wrom3_rom_row_decode_array" (byte position 5823382): Warning:  Cell wrom3_rom_row_decode_array boundary was redefined.
Error while reading cell "wrom3_rom_row_decode_array" (byte position 5823382): Warning:  Cell wrom3_rom_row_decode_array boundary was redefined.
Error while reading cell "wrom3_rom_row_decode_array" (byte position 5823382): Warning:  Cell wrom3_rom_row_decode_array boundary was redefined.
Error while reading cell "wrom3_rom_row_decode_array" (byte position 5823382): Warning:  Cell wrom3_rom_row_decode_array boundary was redefined.
Error while reading cell "wrom3_rom_row_decode_array" (byte position 5823382): Warning:  Cell wrom3_rom_row_decode_array boundary was redefined.
Error while reading cell "wrom3_rom_row_decode_array" (byte position 5823382): Warning:  Cell wrom3_rom_row_decode_array boundary was redefined.
Error while reading cell "wrom3_rom_row_decode_array" (byte position 5823382): Warning:  Cell wrom3_rom_row_decode_array boundary was redefined.
Error while reading cell "wrom3_rom_row_decode_array" (byte position 5823382): Warning:  Cell wrom3_rom_row_decode_array boundary was redefined.
Error while reading cell "wrom3_rom_row_decode_array" (byte position 5823382): Warning:  Cell wrom3_rom_row_decode_array boundary was redefined.
Error while reading cell "wrom3_rom_row_decode_array" (byte position 5823382): Warning:  Cell wrom3_rom_row_decode_array boundary was redefined.
Error while reading cell "wrom3_rom_row_decode_array" (byte position 5823382): Warning:  Cell wrom3_rom_row_decode_array boundary was redefined.
Error while reading cell "wrom3_rom_row_decode_array" (byte position 5823382): Warning:  Cell wrom3_rom_row_decode_array boundary was redefined.
Error while reading cell "wrom3_rom_row_decode_array" (byte position 5823382): Warning:  Cell wrom3_rom_row_decode_array boundary was redefined.
Reading "wrom3_rom_address_control_array".
Reading "wrom3_rom_address_control_buf".
Reading "wrom3_inv_array_mod".
Reading "wrom3_pmos_m1_w3_000_sli_dli_da_p".
Saving contents of cell wrom3_pmos_m1_w3_000_sli_dli_da_p
Reading "wrom3_nmos_m1_w0_740_sli_dli_da_p".
Saving contents of cell wrom3_nmos_m1_w0_740_sli_dli_da_p
CIF file read warning: CIF style sky130(): units rescaled by factor of 5 / 1
Error while reading cell "wrom3_inv_array_mod" (byte position 5896514): Warning:  Cell wrom3_inv_array_mod boundary was redefined.
Error while reading cell "wrom3_inv_array_mod" (byte position 5896514): Warning:  Cell wrom3_inv_array_mod boundary was redefined.
Reading "sky130_fd_bd_sram__openram_sp_nand2_dec".
Reading "wrom3_contact_19".
Saving contents of cell wrom3_contact_19
Reading "wrom3_contact_20".
Saving contents of cell wrom3_contact_20
Error while reading cell "wrom3_rom_address_control_buf" (byte position 5895028): Warning:  Cell wrom3_rom_address_control_buf boundary was redefined.
Error while reading cell "wrom3_rom_address_control_buf" (byte position 5895028): Warning:  Cell wrom3_rom_address_control_buf boundary was redefined.
Error while reading cell "wrom3_rom_address_control_buf" (byte position 5895028): Warning:  Cell wrom3_rom_address_control_buf boundary was redefined.
Error while reading cell "wrom3_rom_address_control_buf" (byte position 5895028): Warning:  Cell wrom3_rom_address_control_buf boundary was redefined.
Reading "wrom3_rom_row_decode_wordline_buffer".
Reading "wrom3_pbuf_dec".
Reading "wrom3_pinv_dec_0".
Reading "wrom3_pmos_m1_w7_000_sli_dli_da_p".
Saving contents of cell wrom3_pmos_m1_w7_000_sli_dli_da_p
Reading "wrom3_nmos_m1_w3_000_sli_dli_da_p".
Saving contents of cell wrom3_nmos_m1_w3_000_sli_dli_da_p
Error while reading cell "wrom3_pinv_dec_0" (byte position 5997592): Warning:  Cell wrom3_pinv_dec_0 boundary was redefined.
Error while reading cell "wrom3_pinv_dec_0" (byte position 5997592): Warning:  Cell wrom3_pinv_dec_0 boundary was redefined.
Error while reading cell "wrom3_pinv_dec_0" (byte position 5997592): Warning:  Cell wrom3_pinv_dec_0 boundary was redefined.
Error while reading cell "wrom3_pinv_dec_0" (byte position 5997592): Warning:  Cell wrom3_pinv_dec_0 boundary was redefined.
Error while reading cell "wrom3_pinv_dec_0" (byte position 5997592): Warning:  Cell wrom3_pinv_dec_0 boundary was redefined.
Reading "wrom3_pinv_dec_1".
Reading "wrom3_nmos_m1_w7_000_sli_dli_da_p".
Saving contents of cell wrom3_nmos_m1_w7_000_sli_dli_da_p
Error while reading cell "wrom3_pinv_dec_1" (byte position 6000750): Warning:  Cell wrom3_pinv_dec_1 boundary was redefined.
Error while reading cell "wrom3_pinv_dec_1" (byte position 6000750): Warning:  Cell wrom3_pinv_dec_1 boundary was redefined.
Error while reading cell "wrom3_pinv_dec_1" (byte position 6000750): Warning:  Cell wrom3_pinv_dec_1 boundary was redefined.
Error while reading cell "wrom3_pinv_dec_1" (byte position 6000750): Warning:  Cell wrom3_pinv_dec_1 boundary was redefined.
Error while reading cell "wrom3_pinv_dec_1" (byte position 6000750): Warning:  Cell wrom3_pinv_dec_1 boundary was redefined.
Error while reading cell "wrom3_rom_row_decode_wordline_buffer" (byte position 5994480): Warning:  Cell wrom3_rom_row_decode_wordline_buffer boundary was redefined.
Error while reading cell "wrom3_rom_row_decode_wordline_buffer" (byte position 5994480): Warning:  Cell wrom3_rom_row_decode_wordline_buffer boundary was redefined.
Error while reading cell "wrom3_rom_row_decode_wordline_buffer" (byte position 5994480): Warning:  Cell wrom3_rom_row_decode_wordline_buffer boundary was redefined.
Error while reading cell "wrom3_rom_row_decode_wordline_buffer" (byte position 5994480): Warning:  Cell wrom3_rom_row_decode_wordline_buffer boundary was redefined.
Error while reading cell "wrom3_rom_row_decode_wordline_buffer" (byte position 5994480): Warning:  Cell wrom3_rom_row_decode_wordline_buffer boundary was redefined.
Error while reading cell "wrom3_rom_row_decode_wordline_buffer" (byte position 5994480): Warning:  Cell wrom3_rom_row_decode_wordline_buffer boundary was redefined.
Error while reading cell "wrom3_rom_row_decode_wordline_buffer" (byte position 5994480): Warning:  Cell wrom3_rom_row_decode_wordline_buffer boundary was redefined.
Error while reading cell "wrom3_rom_row_decode_wordline_buffer" (byte position 5994480): Warning:  Cell wrom3_rom_row_decode_wordline_buffer boundary was redefined.
Reading "wrom3_rom_control_logic".
Reading "wrom3_rom_clock_driver".
Reading "wrom3_pinv".
Reading "wrom3_pmos_m1_w1_120_sli_dli_da_p".
Saving contents of cell wrom3_pmos_m1_w1_120_sli_dli_da_p
Reading "wrom3_nmos_m1_w0_360_sli_dli_da_p".
Saving contents of cell wrom3_nmos_m1_w0_360_sli_dli_da_p
Reading "wrom3_contact_26".
Saving contents of cell wrom3_contact_26
Reading "wrom3_contact_27".
Saving contents of cell wrom3_contact_27
Error while reading cell "wrom3_pinv" (byte position 6008162): Warning:  Cell wrom3_pinv boundary was redefined.
Error while reading cell "wrom3_pinv" (byte position 6008162): Warning:  Cell wrom3_pinv boundary was redefined.
Error while reading cell "wrom3_pinv" (byte position 6008162): Warning:  Cell wrom3_pinv boundary was redefined.
Reading "wrom3_pinv_0".
Reading "wrom3_pmos_m2_w1_260_sli_dli_da_p".
Saving contents of cell wrom3_pmos_m2_w1_260_sli_dli_da_p
Reading "wrom3_nmos_m2_w0_740_sli_dli_da_p".
Saving contents of cell wrom3_nmos_m2_w0_740_sli_dli_da_p
Error while reading cell "wrom3_pinv_0" (byte position 6012676): Warning:  Cell wrom3_pinv_0 boundary was redefined.
Error while reading cell "wrom3_pinv_0" (byte position 6012676): Warning:  Cell wrom3_pinv_0 boundary was redefined.
Error while reading cell "wrom3_pinv_0" (byte position 6012676): Warning:  Cell wrom3_pinv_0 boundary was redefined.
Reading "wrom3_pinv_1".
Reading "wrom3_pmos_m2_w3_000_sli_dli_da_p".
Saving contents of cell wrom3_pmos_m2_w3_000_sli_dli_da_p
Reading "wrom3_nmos_m2_w2_000_sli_dli_da_p".
Saving contents of cell wrom3_nmos_m2_w2_000_sli_dli_da_p
Error while reading cell "wrom3_pinv_1" (byte position 6016690): Warning:  Cell wrom3_pinv_1 boundary was redefined.
Error while reading cell "wrom3_pinv_1" (byte position 6016690): Warning:  Cell wrom3_pinv_1 boundary was redefined.
Error while reading cell "wrom3_pinv_1" (byte position 6016690): Warning:  Cell wrom3_pinv_1 boundary was redefined.
Reading "wrom3_pinv_2".
Reading "wrom3_pmos_m6_w3_000_sli_dli_da_p".
Saving contents of cell wrom3_pmos_m6_w3_000_sli_dli_da_p
Reading "wrom3_nmos_m6_w3_000_sli_dli_da_p".
Saving contents of cell wrom3_nmos_m6_w3_000_sli_dli_da_p
Error while reading cell "wrom3_pinv_2" (byte position 6020960): Warning:  Cell wrom3_pinv_2 boundary was redefined.
Error while reading cell "wrom3_pinv_2" (byte position 6020960): Warning:  Cell wrom3_pinv_2 boundary was redefined.
Error while reading cell "wrom3_pinv_2" (byte position 6020960): Warning:  Cell wrom3_pinv_2 boundary was redefined.
Reading "wrom3_pinv_3".
Reading "wrom3_pmos_m10_w5_000_sli_dli_da_p".
Saving contents of cell wrom3_pmos_m10_w5_000_sli_dli_da_p
Reading "wrom3_nmos_m10_w3_000_sli_dli_da_p".
Saving contents of cell wrom3_nmos_m10_w3_000_sli_dli_da_p
Error while reading cell "wrom3_pinv_3" (byte position 6027182): Warning:  Cell wrom3_pinv_3 boundary was redefined.
Error while reading cell "wrom3_pinv_3" (byte position 6027182): Warning:  Cell wrom3_pinv_3 boundary was redefined.
Error while reading cell "wrom3_pinv_3" (byte position 6027182): Warning:  Cell wrom3_pinv_3 boundary was redefined.
Reading "wrom3_rom_control_nand".
Reading "wrom3_pmos_m1_w1_120_sli_dli".
Saving contents of cell wrom3_pmos_m1_w1_120_sli_dli
Reading "wrom3_nmos_m1_w0_740_sli_dactive".
Saving contents of cell wrom3_nmos_m1_w0_740_sli_dactive
Reading "wrom3_nmos_m1_w0_740_sactive_dli".
Saving contents of cell wrom3_nmos_m1_w0_740_sactive_dli
Error while reading cell "wrom3_rom_control_nand" (byte position 6035092): Warning:  Cell wrom3_rom_control_nand boundary was redefined.
Error while reading cell "wrom3_rom_control_nand" (byte position 6035092): Warning:  Cell wrom3_rom_control_nand boundary was redefined.
Error while reading cell "wrom3_rom_control_nand" (byte position 6035092): Warning:  Cell wrom3_rom_control_nand boundary was redefined.
Reading "wrom3_rom_precharge_driver".
Reading "wrom3_pinv_4".
Reading "wrom3_pmos_m2_w2_000_sli_dli_da_p".
Saving contents of cell wrom3_pmos_m2_w2_000_sli_dli_da_p
Reading "wrom3_nmos_m2_w1_260_sli_dli_da_p".
Saving contents of cell wrom3_nmos_m2_w1_260_sli_dli_da_p
Error while reading cell "wrom3_pinv_4" (byte position 6041376): Warning:  Cell wrom3_pinv_4 boundary was redefined.
Error while reading cell "wrom3_pinv_4" (byte position 6041376): Warning:  Cell wrom3_pinv_4 boundary was redefined.
Error while reading cell "wrom3_pinv_4" (byte position 6041376): Warning:  Cell wrom3_pinv_4 boundary was redefined.
Reading "wrom3_pinv_5".
Reading "wrom3_pmos_m4_w3_000_sli_dli_da_p".
Saving contents of cell wrom3_pmos_m4_w3_000_sli_dli_da_p
Reading "wrom3_nmos_m4_w2_000_sli_dli_da_p".
Saving contents of cell wrom3_nmos_m4_w2_000_sli_dli_da_p
Error while reading cell "wrom3_pinv_5" (byte position 6045518): Warning:  Cell wrom3_pinv_5 boundary was redefined.
Error while reading cell "wrom3_pinv_5" (byte position 6045518): Warning:  Cell wrom3_pinv_5 boundary was redefined.
Error while reading cell "wrom3_pinv_5" (byte position 6045518): Warning:  Cell wrom3_pinv_5 boundary was redefined.
Reading "wrom3_pinv_6".
Reading "wrom3_pmos_m7_w5_000_sli_dli_da_p".
Saving contents of cell wrom3_pmos_m7_w5_000_sli_dli_da_p
Reading "wrom3_nmos_m7_w3_000_sli_dli_da_p".
Saving contents of cell wrom3_nmos_m7_w3_000_sli_dli_da_p
Error while reading cell "wrom3_pinv_6" (byte position 6050700): Warning:  Cell wrom3_pinv_6 boundary was redefined.
Error while reading cell "wrom3_pinv_6" (byte position 6050700): Warning:  Cell wrom3_pinv_6 boundary was redefined.
Error while reading cell "wrom3_pinv_6" (byte position 6050700): Warning:  Cell wrom3_pinv_6 boundary was redefined.
Reading "wrom3_pinv_7".
Reading "wrom3_pmos_m20_w5_000_sli_dli_da_p".
Saving contents of cell wrom3_pmos_m20_w5_000_sli_dli_da_p
Reading "wrom3_nmos_m20_w5_000_sli_dli_da_p".
Saving contents of cell wrom3_nmos_m20_w5_000_sli_dli_da_p
Error while reading cell "wrom3_pinv_7" (byte position 6057910): Warning:  Cell wrom3_pinv_7 boundary was redefined.
Error while reading cell "wrom3_pinv_7" (byte position 6057910): Warning:  Cell wrom3_pinv_7 boundary was redefined.
Error while reading cell "wrom3_pinv_7" (byte position 6057910): Warning:  Cell wrom3_pinv_7 boundary was redefined.
Error while reading cell "wrom3_rom_control_logic" (byte position 6004368): Warning:  Cell wrom3_rom_control_logic boundary was redefined.
Error while reading cell "wrom3_rom_control_logic" (byte position 6004368): Warning:  Cell wrom3_rom_control_logic boundary was redefined.
Reading "wrom3_rom_column_mux_array".
Reading "wrom3_rom_column_mux".
Reading "wrom3_nmos_m1_w2_880_sli_dli".
Saving contents of cell wrom3_nmos_m1_w2_880_sli_dli
Error while reading cell "wrom3_rom_column_mux" (byte position 6307884): Warning:  Cell wrom3_rom_column_mux boundary was redefined.
Error while reading cell "wrom3_rom_column_mux" (byte position 6307884): Warning:  Cell wrom3_rom_column_mux boundary was redefined.
Reading "wrom3_contact_23".
Saving contents of cell wrom3_contact_23
Reading "wrom3_contact_24".
Saving contents of cell wrom3_contact_24
Reading "wrom3_contact_25".
Saving contents of cell wrom3_contact_25
Error while reading cell "wrom3_rom_column_mux_array" (byte position 6306122): Warning:  Cell wrom3_rom_column_mux_array boundary was redefined.
Error while reading cell "wrom3_rom_column_mux_array" (byte position 6306122): Warning:  Cell wrom3_rom_column_mux_array boundary was redefined.
Error while reading cell "wrom3_rom_column_mux_array" (byte position 6306122): Warning:  Cell wrom3_rom_column_mux_array boundary was redefined.
Reading "wrom3_rom_column_decode".
Reading "wrom3_rom_column_decode_array".
Reading "wrom3_rom_precharge_array_1".
Error while reading cell "wrom3_rom_precharge_array_1" (byte position 6340360): Warning:  Cell wrom3_rom_precharge_array_1 boundary was redefined.
Error while reading cell "wrom3_rom_precharge_array_1" (byte position 6340360): Warning:  Cell wrom3_rom_precharge_array_1 boundary was redefined.
Error while reading cell "wrom3_rom_precharge_array_1" (byte position 6340360): Warning:  Cell wrom3_rom_precharge_array_1 boundary was redefined.
Error while reading cell "wrom3_rom_precharge_array_1" (byte position 6340360): Warning:  Cell wrom3_rom_precharge_array_1 boundary was redefined.
Error while reading cell "wrom3_rom_precharge_array_1" (byte position 6340360): Warning:  Cell wrom3_rom_precharge_array_1 boundary was redefined.
Error while reading cell "wrom3_rom_precharge_array_1" (byte position 6340360): Warning:  Cell wrom3_rom_precharge_array_1 boundary was redefined.
Error while reading cell "wrom3_rom_precharge_array_1" (byte position 6340360): Warning:  Cell wrom3_rom_precharge_array_1 boundary was redefined.
Error while reading cell "wrom3_rom_precharge_array_1" (byte position 6340360): Warning:  Cell wrom3_rom_precharge_array_1 boundary was redefined.
Error while reading cell "wrom3_rom_precharge_array_1" (byte position 6340360): Warning:  Cell wrom3_rom_precharge_array_1 boundary was redefined.
Error while reading cell "wrom3_rom_precharge_array_1" (byte position 6340360): Warning:  Cell wrom3_rom_precharge_array_1 boundary was redefined.
Error while reading cell "wrom3_rom_precharge_array_1" (byte position 6340360): Warning:  Cell wrom3_rom_precharge_array_1 boundary was redefined.
Error while reading cell "wrom3_rom_precharge_array_1" (byte position 6340360): Warning:  Cell wrom3_rom_precharge_array_1 boundary was redefined.
Error while reading cell "wrom3_rom_precharge_array_1" (byte position 6340360): Warning:  Cell wrom3_rom_precharge_array_1 boundary was redefined.
Error while reading cell "wrom3_rom_precharge_array_1" (byte position 6340360): Warning:  Cell wrom3_rom_precharge_array_1 boundary was redefined.
Error while reading cell "wrom3_rom_precharge_array_1" (byte position 6340360): Warning:  Cell wrom3_rom_precharge_array_1 boundary was redefined.
Error while reading cell "wrom3_rom_precharge_array_1" (byte position 6340360): Warning:  Cell wrom3_rom_precharge_array_1 boundary was redefined.
Error while reading cell "wrom3_rom_precharge_array_1" (byte position 6340360): Warning:  Cell wrom3_rom_precharge_array_1 boundary was redefined.
Error while reading cell "wrom3_rom_precharge_array_1" (byte position 6340360): Warning:  Cell wrom3_rom_precharge_array_1 boundary was redefined.
Error while reading cell "wrom3_rom_precharge_array_1" (byte position 6340360): Warning:  Cell wrom3_rom_precharge_array_1 boundary was redefined.
Error while reading cell "wrom3_rom_precharge_array_1" (byte position 6340360): Warning:  Cell wrom3_rom_precharge_array_1 boundary was redefined.
Error while reading cell "wrom3_rom_precharge_array_1" (byte position 6340360): Warning:  Cell wrom3_rom_precharge_array_1 boundary was redefined.
Error while reading cell "wrom3_rom_precharge_array_1" (byte position 6340360): Warning:  Cell wrom3_rom_precharge_array_1 boundary was redefined.
Error while reading cell "wrom3_rom_precharge_array_1" (byte position 6340360): Warning:  Cell wrom3_rom_precharge_array_1 boundary was redefined.
Error while reading cell "wrom3_rom_precharge_array_1" (byte position 6340360): Warning:  Cell wrom3_rom_precharge_array_1 boundary was redefined.
Error while reading cell "wrom3_rom_column_decode_array" (byte position 6335740): Warning:  Cell wrom3_rom_column_decode_array boundary was redefined.
Error while reading cell "wrom3_rom_column_decode_array" (byte position 6335740): Warning:  Cell wrom3_rom_column_decode_array boundary was redefined.
Error while reading cell "wrom3_rom_column_decode_array" (byte position 6335740): Warning:  Cell wrom3_rom_column_decode_array boundary was redefined.
Error while reading cell "wrom3_rom_column_decode_array" (byte position 6335740): Warning:  Cell wrom3_rom_column_decode_array boundary was redefined.
Error while reading cell "wrom3_rom_column_decode_array" (byte position 6335740): Warning:  Cell wrom3_rom_column_decode_array boundary was redefined.
Error while reading cell "wrom3_rom_column_decode_array" (byte position 6335740): Warning:  Cell wrom3_rom_column_decode_array boundary was redefined.
Error while reading cell "wrom3_rom_column_decode_array" (byte position 6335740): Warning:  Cell wrom3_rom_column_decode_array boundary was redefined.
Error while reading cell "wrom3_rom_column_decode_array" (byte position 6335740): Warning:  Cell wrom3_rom_column_decode_array boundary was redefined.
Error while reading cell "wrom3_rom_column_decode_array" (byte position 6335740): Warning:  Cell wrom3_rom_column_decode_array boundary was redefined.
Error while reading cell "wrom3_rom_column_decode_array" (byte position 6335740): Warning:  Cell wrom3_rom_column_decode_array boundary was redefined.
Error while reading cell "wrom3_rom_column_decode_array" (byte position 6335740): Warning:  Cell wrom3_rom_column_decode_array boundary was redefined.
Error while reading cell "wrom3_rom_column_decode_array" (byte position 6335740): Warning:  Cell wrom3_rom_column_decode_array boundary was redefined.
Error while reading cell "wrom3_rom_column_decode_array" (byte position 6335740): Warning:  Cell wrom3_rom_column_decode_array boundary was redefined.
Error while reading cell "wrom3_rom_column_decode_array" (byte position 6335740): Warning:  Cell wrom3_rom_column_decode_array boundary was redefined.
Error while reading cell "wrom3_rom_column_decode_array" (byte position 6335740): Warning:  Cell wrom3_rom_column_decode_array boundary was redefined.
Error while reading cell "wrom3_rom_column_decode_array" (byte position 6335740): Warning:  Cell wrom3_rom_column_decode_array boundary was redefined.
Reading "wrom3_rom_address_control_array_0".
Reading "wrom3_rom_column_decode_wordline_buffer".
Reading "wrom3_pinv_dec_2".
Error while reading cell "wrom3_pinv_dec_2" (byte position 6351626): Warning:  Cell wrom3_pinv_dec_2 boundary was redefined.
Error while reading cell "wrom3_pinv_dec_2" (byte position 6351626): Warning:  Cell wrom3_pinv_dec_2 boundary was redefined.
Error while reading cell "wrom3_pinv_dec_2" (byte position 6351626): Warning:  Cell wrom3_pinv_dec_2 boundary was redefined.
Error while reading cell "wrom3_pinv_dec_2" (byte position 6351626): Warning:  Cell wrom3_pinv_dec_2 boundary was redefined.
Error while reading cell "wrom3_pinv_dec_2" (byte position 6351626): Warning:  Cell wrom3_pinv_dec_2 boundary was redefined.
Error while reading cell "wrom3_rom_column_decode_wordline_buffer" (byte position 6350144): Warning:  Cell wrom3_rom_column_decode_wordline_buffer boundary was redefined.
Error while reading cell "wrom3_rom_column_decode_wordline_buffer" (byte position 6350144): Warning:  Cell wrom3_rom_column_decode_wordline_buffer boundary was redefined.
Reading "wrom3_rom_bitline_inverter".
Reading "wrom3_pinv_dec_3".
Reading "wrom3_pmos_m1_w5_000_sli_dli_da_p".
Saving contents of cell wrom3_pmos_m1_w5_000_sli_dli_da_p
Reading "wrom3_nmos_m1_w1_680_sli_dli_da_p".
Saving contents of cell wrom3_nmos_m1_w1_680_sli_dli_da_p
Error while reading cell "wrom3_pinv_dec_3" (byte position 6489070): Warning:  Cell wrom3_pinv_dec_3 boundary was redefined.
Error while reading cell "wrom3_pinv_dec_3" (byte position 6489070): Warning:  Cell wrom3_pinv_dec_3 boundary was redefined.
Error while reading cell "wrom3_pinv_dec_3" (byte position 6489070): Warning:  Cell wrom3_pinv_dec_3 boundary was redefined.
Error while reading cell "wrom3_pinv_dec_3" (byte position 6489070): Warning:  Cell wrom3_pinv_dec_3 boundary was redefined.
Error while reading cell "wrom3_pinv_dec_3" (byte position 6489070): Warning:  Cell wrom3_pinv_dec_3 boundary was redefined.
Error while reading cell "wrom3_pinv_dec_3" (byte position 6489070): Warning:  Cell wrom3_pinv_dec_3 boundary was redefined.
Error while reading cell "wrom3_pinv_dec_3" (byte position 6489070): Warning:  Cell wrom3_pinv_dec_3 boundary was redefined.
Reading "wrom3_rom_output_buffer".
Reading "wrom3_pinv_dec_4".
Error while reading cell "wrom3_pinv_dec_4" (byte position 6517988): Warning:  Cell wrom3_pinv_dec_4 boundary was redefined.
Error while reading cell "wrom3_pinv_dec_4" (byte position 6517988): Warning:  Cell wrom3_pinv_dec_4 boundary was redefined.
Error while reading cell "wrom3_pinv_dec_4" (byte position 6517988): Warning:  Cell wrom3_pinv_dec_4 boundary was redefined.
Error while reading cell "wrom3_pinv_dec_4" (byte position 6517988): Warning:  Cell wrom3_pinv_dec_4 boundary was redefined.
Error while reading cell "wrom3_pinv_dec_4" (byte position 6517988): Warning:  Cell wrom3_pinv_dec_4 boundary was redefined.
Error while reading cell "wrom3_rom_output_buffer" (byte position 6516506): Warning:  Cell wrom3_rom_output_buffer boundary was redefined.
Error while reading cell "wrom3_rom_output_buffer" (byte position 6516506): Warning:  Cell wrom3_rom_output_buffer boundary was redefined.
Error while reading cell "wrom3_rom_output_buffer" (byte position 6516506): Warning:  Cell wrom3_rom_output_buffer boundary was redefined.
Error while reading cell "wrom3_rom_output_buffer" (byte position 6516506): Warning:  Cell wrom3_rom_output_buffer boundary was redefined.
Error while reading cell "wrom3_rom_output_buffer" (byte position 6516506): Warning:  Cell wrom3_rom_output_buffer boundary was redefined.
Error while reading cell "wrom3_rom_output_buffer" (byte position 6516506): Warning:  Cell wrom3_rom_output_buffer boundary was redefined.
Error while reading cell "wrom3_rom_output_buffer" (byte position 6516506): Warning:  Cell wrom3_rom_output_buffer boundary was redefined.
Error while reading cell "wrom3_rom_output_buffer" (byte position 6516506): Warning:  Cell wrom3_rom_output_buffer boundary was redefined.
Error while reading cell "wrom3_rom_output_buffer" (byte position 6516506): Warning:  Cell wrom3_rom_output_buffer boundary was redefined.
Error while reading cell "wrom3_rom_output_buffer" (byte position 6516506): Warning:  Cell wrom3_rom_output_buffer boundary was redefined.
Error while reading cell "wrom3_rom_output_buffer" (byte position 6516506): Warning:  Cell wrom3_rom_output_buffer boundary was redefined.
Error while reading cell "wrom3_rom_output_buffer" (byte position 6516506): Warning:  Cell wrom3_rom_output_buffer boundary was redefined.
Error while reading cell "wrom3_rom_output_buffer" (byte position 6516506): Warning:  Cell wrom3_rom_output_buffer boundary was redefined.
Error while reading cell "wrom3_rom_output_buffer" (byte position 6516506): Warning:  Cell wrom3_rom_output_buffer boundary was redefined.
Error while reading cell "wrom3_rom_output_buffer" (byte position 6516506): Warning:  Cell wrom3_rom_output_buffer boundary was redefined.
Error while reading cell "wrom3_rom_output_buffer" (byte position 6516506): Warning:  Cell wrom3_rom_output_buffer boundary was redefined.
Error while reading cell "wrom3_rom_output_buffer" (byte position 6516506): Warning:  Cell wrom3_rom_output_buffer boundary was redefined.
Error while reading cell "wrom3_rom_output_buffer" (byte position 6516506): Warning:  Cell wrom3_rom_output_buffer boundary was redefined.
Error while reading cell "wrom3_rom_output_buffer" (byte position 6516506): Warning:  Cell wrom3_rom_output_buffer boundary was redefined.
Error while reading cell "wrom3_rom_output_buffer" (byte position 6516506): Warning:  Cell wrom3_rom_output_buffer boundary was redefined.
Error while reading cell "wrom3_rom_output_buffer" (byte position 6516506): Warning:  Cell wrom3_rom_output_buffer boundary was redefined.
Error while reading cell "wrom3_rom_output_buffer" (byte position 6516506): Warning:  Cell wrom3_rom_output_buffer boundary was redefined.
Error while reading cell "wrom3_rom_output_buffer" (byte position 6516506): Warning:  Cell wrom3_rom_output_buffer boundary was redefined.
Error while reading cell "wrom3_rom_output_buffer" (byte position 6516506): Warning:  Cell wrom3_rom_output_buffer boundary was redefined.
Reading "wrom3_contact_28".
Saving contents of cell wrom3_contact_28
Error while reading cell "wrom3" (byte position 214244): Warning:  Cell wrom3 boundary was redefined.
Error while reading cell "wrom3" (byte position 214244): Warning:  Cell wrom3 boundary was redefined.
Error while reading cell "wrom3" (byte position 214244): Warning:  Cell wrom3 boundary was redefined.
Error while reading cell "wrom3" (byte position 214244): Warning:  Cell wrom3 boundary was redefined.
Error while reading cell "wrom3" (byte position 214244): Warning:  Cell wrom3 boundary was redefined.
Error while reading cell "wrom3" (byte position 214244): Warning:  Cell wrom3 boundary was redefined.
Error while reading cell "wrom3" (byte position 214244): Warning:  Cell wrom3 boundary was redefined.
Error while reading cell "wrom3" (byte position 214244): Warning:  Cell wrom3 boundary was redefined.
Error while reading cell "wrom3" (byte position 214244): Warning:  Cell wrom3 boundary was redefined.
Error while reading cell "wrom3" (byte position 214244): Warning:  Cell wrom3 boundary was redefined.
Error while reading cell "wrom3" (byte position 214244): Warning:  Cell wrom3 boundary was redefined.
Error while reading cell "wrom3" (byte position 214244): Warning:  Cell wrom3 boundary was redefined.
Error while reading cell "wrom3" (byte position 214244): Warning:  Cell wrom3 boundary was redefined.
Error while reading cell "wrom3" (byte position 214244): Warning:  Cell wrom3 boundary was redefined.
Error while reading cell "wrom3" (byte position 214244): Warning:  Cell wrom3 boundary was redefined.
Error while reading cell "wrom3" (byte position 214244): Warning:  Cell wrom3 boundary was redefined.
Error while reading cell "wrom3" (byte position 214244): Warning:  Cell wrom3 boundary was redefined.
Error while reading cell "wrom3" (byte position 214244): Warning:  Cell wrom3 boundary was redefined.
Error while reading cell "wrom3" (byte position 214244): Warning:  Cell wrom3 boundary was redefined.
Error while reading cell "wrom3" (byte position 214244): Warning:  Cell wrom3 boundary was redefined.
Error while reading cell "wrom3" (byte position 214244): Warning:  Cell wrom3 boundary was redefined.
Error while reading cell "wrom3" (byte position 214244): Warning:  Cell wrom3 boundary was redefined.
Error while reading cell "wrom3" (byte position 214244): Warning:  Cell wrom3 boundary was redefined.
Error while reading cell "wrom3" (byte position 214244): Warning:  Cell wrom3 boundary was redefined.
Error while reading cell "wrom3" (byte position 214244): Warning:  Cell wrom3 boundary was redefined.
Error while reading cell "wrom3" (byte position 214244): Warning:  Cell wrom3 boundary was redefined.
Error while reading cell "wrom3" (byte position 214244): Warning:  Cell wrom3 boundary was redefined.
Error while reading cell "wrom3" (byte position 214244): Warning:  Cell wrom3 boundary was redefined.
Error while reading cell "wrom3" (byte position 214244): Warning:  Cell wrom3 boundary was redefined.
Error while reading cell "wrom3" (byte position 214244): Warning:  Cell wrom3 boundary was redefined.
Error while reading cell "wrom3" (byte position 214244): Warning:  Cell wrom3 boundary was redefined.
Error while reading cell "wrom3" (byte position 214244): Warning:  Cell wrom3 boundary was redefined.
Error while reading cell "wrom3" (byte position 214244): Warning:  Cell wrom3 boundary was redefined.
Error while reading cell "wrom3" (byte position 214244): Warning:  Cell wrom3 boundary was redefined.
Error while reading cell "wrom3" (byte position 214244): Warning:  Cell wrom3 boundary was redefined.
Error while reading cell "wrom3" (byte position 214244): Warning:  Cell wrom3 boundary was redefined.
Error while reading cell "wrom3" (byte position 214244): Warning:  Cell wrom3 boundary was redefined.
Error while reading cell "wrom3" (byte position 214244): Warning:  Cell wrom3 boundary was redefined.
Error while reading cell "wrom3" (byte position 214244): Warning:  Cell wrom3 boundary was redefined.
Error while reading cell "wrom3" (byte position 214244): Warning:  Cell wrom3 boundary was redefined.
Error while reading cell "wrom3" (byte position 214244): Warning:  Cell wrom3 boundary was redefined.
Error while reading cell "wrom3" (byte position 214244): Warning:  Cell wrom3 boundary was redefined.
Error while reading cell "wrom3" (byte position 214244): Warning:  Cell wrom3 boundary was redefined.
Error while reading cell "wrom3" (byte position 214244): Warning:  Cell wrom3 boundary was redefined.
Error while reading cell "wrom3" (byte position 214244): Warning:  Cell wrom3 boundary was redefined.
Error while reading cell "wrom3" (byte position 214244): Warning:  Cell wrom3 boundary was redefined.
Error while reading cell "wrom3" (byte position 214244): Warning:  Cell wrom3 boundary was redefined.
Error while reading cell "wrom3" (byte position 214244): Warning:  Cell wrom3 boundary was redefined.
Error while reading cell "wrom3" (byte position 214244): Warning:  Cell wrom3 boundary was redefined.
Error while reading cell "wrom3" (byte position 214244): Warning:  Cell wrom3 boundary was redefined.
Error while reading cell "wrom3" (byte position 214244): Warning:  Cell wrom3 boundary was redefined.
Error while reading cell "wrom3" (byte position 214244): Warning:  Cell wrom3 boundary was redefined.
Error while reading cell "wrom3" (byte position 214244): Warning:  Cell wrom3 boundary was redefined.
Error while reading cell "wrom3" (byte position 214244): Warning:  Cell wrom3 boundary was redefined.
Error while reading cell "wrom3" (byte position 214244): Warning:  Cell wrom3 boundary was redefined.
Error while reading cell "wrom3" (byte position 214244): Warning:  Cell wrom3 boundary was redefined.
Error while reading cell "wrom3" (byte position 214244): Warning:  Cell wrom3 boundary was redefined.
Error while reading cell "wrom3" (byte position 214244): Warning:  Cell wrom3 boundary was redefined.
Error while reading cell "wrom3" (byte position 214244): Warning:  Cell wrom3 boundary was redefined.
Error while reading cell "wrom3" (byte position 214244): Warning:  Cell wrom3 boundary was redefined.
Error while reading cell "wrom3" (byte position 214244): Warning:  Cell wrom3 boundary was redefined.
Error while reading cell "wrom3" (byte position 214244): Warning:  Cell wrom3 boundary was redefined.
Error while reading cell "wrom3" (byte position 214244): Warning:  Cell wrom3 boundary was redefined.
Error while reading cell "wrom3" (byte position 214244): Warning:  Cell wrom3 boundary was redefined.
Error while reading cell "wrom3" (byte position 214244): Warning:  Cell wrom3 boundary was redefined.
Error while reading cell "wrom3" (byte position 214244): Warning:  Cell wrom3 boundary was redefined.
Error while reading cell "wrom3" (byte position 214244): Warning:  Cell wrom3 boundary was redefined.
Error while reading cell "wrom3" (byte position 214244): Warning:  Cell wrom3 boundary was redefined.
Error while reading cell "wrom3" (byte position 214244): Warning:  Cell wrom3 boundary was redefined.
Error while reading cell "wrom3" (byte position 214244): Warning:  Cell wrom3 boundary was redefined.
Error while reading cell "wrom3" (byte position 214244): Warning:  Cell wrom3 boundary was redefined.
Error while reading cell "wrom3" (byte position 214244): Warning:  Cell wrom3 boundary was redefined.
Error while reading cell "wrom3" (byte position 214244): Warning:  Cell wrom3 boundary was redefined.
Error while reading cell "wrom3" (byte position 214244): Warning:  Cell wrom3 boundary was redefined.
Error while reading cell "wrom3" (byte position 214244): Warning:  Cell wrom3 boundary was redefined.
Error while reading cell "wrom3" (byte position 214244): Warning:  Cell wrom3 boundary was redefined.
Error while reading cell "wrom3" (byte position 214244): Warning:  Cell wrom3 boundary was redefined.
Error while reading cell "wrom3" (byte position 214244): Warning:  Cell wrom3 boundary was redefined.
Error while reading cell "wrom3" (byte position 214244): Warning:  Cell wrom3 boundary was redefined.
Error while reading cell "wrom3" (byte position 214244): Warning:  Cell wrom3 boundary was redefined.
Error while reading cell "wrom3" (byte position 214244): Warning:  Cell wrom3 boundary was redefined.
Error while reading cell "wrom3" (byte position 214244): Warning:  Cell wrom3 boundary was redefined.
Error while reading cell "wrom3" (byte position 214244): Warning:  Cell wrom3 boundary was redefined.
Error while reading cell "wrom3" (byte position 214244): Warning:  Cell wrom3 boundary was redefined.
Error while reading cell "wrom3" (byte position 214244): Warning:  Cell wrom3 boundary was redefined.
Error while reading cell "wrom3" (byte position 214244): Warning:  Cell wrom3 boundary was redefined.
Error while reading cell "wrom3" (byte position 214244): Warning:  Cell wrom3 boundary was redefined.
Error while reading cell "wrom3" (byte position 214244): Warning:  Cell wrom3 boundary was redefined.
Error while reading cell "wrom3" (byte position 214244): Warning:  Cell wrom3 boundary was redefined.
Error while reading cell "wrom3" (byte position 214244): Warning:  Cell wrom3 boundary was redefined.
Error while reading cell "wrom3" (byte position 214244): Warning:  Cell wrom3 boundary was redefined.
Error while reading cell "wrom3" (byte position 214244): Warning:  Cell wrom3 boundary was redefined.
Error while reading cell "wrom3" (byte position 214244): Warning:  Cell wrom3 boundary was redefined.
Error while reading cell "wrom3" (byte position 214244): Warning:  Cell wrom3 boundary was redefined.
Error while reading cell "wrom3" (byte position 214244): Warning:  Cell wrom3 boundary was redefined.
Error while reading cell "wrom3" (byte position 214244): Warning:  Cell wrom3 boundary was redefined.
Error while reading cell "wrom3" (byte position 214244): Warning:  Cell wrom3 boundary was redefined.
Error while reading cell "wrom3" (byte position 214244): Warning:  Cell wrom3 boundary was redefined.
Error while reading cell "wrom3" (byte position 214244): Warning:  Cell wrom3 boundary was redefined.
Error while reading cell "wrom3" (byte position 214244): Warning:  Cell wrom3 boundary was redefined.
Error while reading cell "wrom3" (byte position 214244): Warning:  Cell wrom3 boundary was redefined.
Error while reading cell "wrom3" (byte position 214244): Warning:  Cell wrom3 boundary was redefined.
Error while reading cell "wrom3" (byte position 214244): Warning:  Cell wrom3 boundary was redefined.
Error while reading cell "wrom3" (byte position 214244): Warning:  Cell wrom3 boundary was redefined.
Error while reading cell "wrom3" (byte position 214244): Warning:  Cell wrom3 boundary was redefined.
Error while reading cell "wrom3" (byte position 214244): Warning:  Cell wrom3 boundary was redefined.
Error while reading cell "wrom3" (byte position 214244): Warning:  Cell wrom3 boundary was redefined.
Error while reading cell "wrom3" (byte position 214244): Warning:  Cell wrom3 boundary was redefined.
Error while reading cell "wrom3" (byte position 214244): Warning:  Cell wrom3 boundary was redefined.
Error while reading cell "wrom3" (byte position 214244): Warning:  Cell wrom3 boundary was redefined.
Error while reading cell "wrom3" (byte position 214244): Warning:  Cell wrom3 boundary was redefined.
Error while reading cell "wrom3" (byte position 214244): Warning:  Cell wrom3 boundary was redefined.
Error while reading cell "wrom3" (byte position 214244): Warning:  Cell wrom3 boundary was redefined.
Error while reading cell "wrom3" (byte position 214244): Warning:  Cell wrom3 boundary was redefined.
Error while reading cell "wrom3" (byte position 214244): Warning:  Cell wrom3 boundary was redefined.
Error while reading cell "wrom3" (byte position 214244): Warning:  Cell wrom3 boundary was redefined.
Error while reading cell "wrom3" (byte position 214244): Warning:  Cell wrom3 boundary was redefined.
Error while reading cell "wrom3" (byte position 214244): Warning:  Cell wrom3 boundary was redefined.
Error while reading cell "wrom3" (byte position 214244): Warning:  Cell wrom3 boundary was redefined.
Error while reading cell "wrom3" (byte position 214244): Warning:  Cell wrom3 boundary was redefined.
Error while reading cell "wrom3" (byte position 214244): Warning:  Cell wrom3 boundary was redefined.
Error while reading cell "wrom3" (byte position 214244): Warning:  Cell wrom3 boundary was redefined.
Error while reading cell "wrom3" (byte position 214244): Warning:  Cell wrom3 boundary was redefined.
Error while reading cell "wrom3" (byte position 214244): Warning:  Cell wrom3 boundary was redefined.
Error while reading cell "wrom3" (byte position 214244): Warning:  Cell wrom3 boundary was redefined.
Error while reading cell "wrom3" (byte position 214244): Warning:  Cell wrom3 boundary was redefined.
Error while reading cell "wrom3" (byte position 214244): Warning:  Cell wrom3 boundary was redefined.
Error while reading cell "wrom3" (byte position 214244): Warning:  Cell wrom3 boundary was redefined.
Error while reading cell "wrom3" (byte position 214244): Warning:  Cell wrom3 boundary was redefined.
Error while reading cell "wrom3" (byte position 214244): Warning:  Cell wrom3 boundary was redefined.
Error while reading cell "wrom3" (byte position 214244): Warning:  Cell wrom3 boundary was redefined.
Error while reading cell "wrom3" (byte position 214244): Warning:  Cell wrom3 boundary was redefined.
Error while reading cell "wrom3" (byte position 214244): Warning:  Cell wrom3 boundary was redefined.
Error while reading cell "wrom3" (byte position 214244): Warning:  Cell wrom3 boundary was redefined.
Error while reading cell "wrom3" (byte position 214244): Warning:  Cell wrom3 boundary was redefined.
Error while reading cell "wrom3" (byte position 214244): Warning:  Cell wrom3 boundary was redefined.
Error while reading cell "wrom3" (byte position 214244): Warning:  Cell wrom3 boundary was redefined.
Error while reading cell "wrom3" (byte position 214244): Warning:  Cell wrom3 boundary was redefined.
Error while reading cell "wrom3" (byte position 214244): Warning:  Cell wrom3 boundary was redefined.
Error while reading cell "wrom3" (byte position 214244): Warning:  Cell wrom3 boundary was redefined.
Error while reading cell "wrom3" (byte position 214244): Warning:  Cell wrom3 boundary was redefined.
Error while reading cell "wrom3" (byte position 214244): Warning:  Cell wrom3 boundary was redefined.
Error while reading cell "wrom3" (byte position 214244): Warning:  Cell wrom3 boundary was redefined.
Error while reading cell "wrom3" (byte position 214244): Warning:  Cell wrom3 boundary was redefined.
Error while reading cell "wrom3" (byte position 214244): Warning:  Cell wrom3 boundary was redefined.
Error while reading cell "wrom3" (byte position 214244): Warning:  Cell wrom3 boundary was redefined.
Error while reading cell "wrom3" (byte position 214244): Warning:  Cell wrom3 boundary was redefined.
Error while reading cell "wrom3" (byte position 214244): Warning:  Cell wrom3 boundary was redefined.
Error while reading cell "wrom3" (byte position 214244): Warning:  Cell wrom3 boundary was redefined.
Error while reading cell "wrom3" (byte position 214244): Warning:  Cell wrom3 boundary was redefined.
Error while reading cell "wrom3" (byte position 214244): Warning:  Cell wrom3 boundary was redefined.
Error while reading cell "wrom3" (byte position 214244): Warning:  Cell wrom3 boundary was redefined.
Error while reading cell "wrom3" (byte position 214244): Warning:  Cell wrom3 boundary was redefined.
Error while reading cell "wrom3" (byte position 214244): Warning:  Cell wrom3 boundary was redefined.
Error while reading cell "wrom3" (byte position 214244): Warning:  Cell wrom3 boundary was redefined.
Error while reading cell "wrom3" (byte position 214244): Warning:  Cell wrom3 boundary was redefined.
Error while reading cell "wrom3" (byte position 214244): Warning:  Cell wrom3 boundary was redefined.
Error while reading cell "wrom3" (byte position 214244): Warning:  Cell wrom3 boundary was redefined.
Error while reading cell "wrom3" (byte position 214244): Warning:  Cell wrom3 boundary was redefined.
Error while reading cell "wrom3" (byte position 214244): Warning:  Cell wrom3 boundary was redefined.
Error while reading cell "wrom3" (byte position 214244): Warning:  Cell wrom3 boundary was redefined.
Error while reading cell "wrom3" (byte position 214244): Warning:  Cell wrom3 boundary was redefined.
Error while reading cell "wrom3" (byte position 214244): Warning:  Cell wrom3 boundary was redefined.
Error while reading cell "wrom3" (byte position 214244): Warning:  Cell wrom3 boundary was redefined.
Error while reading cell "wrom3" (byte position 214244): Warning:  Cell wrom3 boundary was redefined.
Error while reading cell "wrom3" (byte position 214244): Warning:  Cell wrom3 boundary was redefined.
Error while reading cell "wrom3" (byte position 214244): Warning:  Cell wrom3 boundary was redefined.
Error while reading cell "wrom3" (byte position 214244): Warning:  Cell wrom3 boundary was redefined.
Error while reading cell "wrom3" (byte position 214244): Warning:  Cell wrom3 boundary was redefined.
Error while reading cell "wrom3" (byte position 214244): Warning:  Cell wrom3 boundary was redefined.
Error while reading cell "wrom3" (byte position 214244): Warning:  Cell wrom3 boundary was redefined.
Error while reading cell "wrom3" (byte position 214244): Warning:  Cell wrom3 boundary was redefined.
Error while reading cell "wrom3" (byte position 214244): Warning:  Cell wrom3 boundary was redefined.
Error while reading cell "wrom3" (byte position 214244): Warning:  Cell wrom3 boundary was redefined.
Error while reading cell "wrom3" (byte position 214244): Warning:  Cell wrom3 boundary was redefined.
Error while reading cell "wrom3" (byte position 214244): Warning:  Cell wrom3 boundary was redefined.
Error while reading cell "wrom3" (byte position 214244): Warning:  Cell wrom3 boundary was redefined.
Reading "wrom3_rom_base_array".
Reading "wrom3_rom_poly_tap".
Reading "wrom3_contact_11".
Reading "wrom3_contact_12".
Reading "wrom3_contact_13".
Reading "wrom3_rom_base_zero_cell".
Reading "wrom3_nmos_m1_w0_360_sm1_dm1".
Reading "wrom3_contact_8".
Reading "wrom3_contact_9".
Reading "wrom3_rom_base_one_cell".
Reading "wrom3_rom_precharge_array".
Reading "wrom3_rom_poly_tap_0".
Reading "wrom3_precharge_cell".
Reading "wrom3_pmos_m1_w0_420_sli_dm1".
Reading "wrom3_contact_10".
Reading "wrom3_contact_14".
Reading "wrom3_contact_15".
Reading "wrom3_contact_16".
Reading "wrom3_contact_17".
Reading "wrom3_contact_18".
Reading "wrom3_rom_row_decode".
Reading "wrom3_rom_row_decode_array".
Reading "wrom3_rom_poly_tap_1".
Reading "wrom3_rom_poly_tap_2".
Reading "wrom3_rom_precharge_array_0".
Reading "wrom3_rom_poly_tap_3".
Reading "wrom3_contact_21".
Reading "wrom3_contact_22".
Reading "wrom3_rom_address_control_array".
Reading "wrom3_rom_address_control_buf".
Reading "wrom3_inv_array_mod".
Reading "wrom3_pmos_m1_w3_000_sli_dli_da_p".
Reading "wrom3_nmos_m1_w0_740_sli_dli_da_p".
Reading "sky130_fd_bd_sram__openram_sp_nand2_dec".
Reading "wrom3_contact_19".
Reading "wrom3_contact_20".
Reading "wrom3_rom_row_decode_wordline_buffer".
Reading "wrom3_pbuf_dec".
Reading "wrom3_pinv_dec_0".
Reading "wrom3_pmos_m1_w7_000_sli_dli_da_p".
Reading "wrom3_nmos_m1_w3_000_sli_dli_da_p".
Reading "wrom3_pinv_dec_1".
Reading "wrom3_nmos_m1_w7_000_sli_dli_da_p".
Reading "wrom3_rom_control_logic".
Reading "wrom3_rom_clock_driver".
Reading "wrom3_pinv".
Reading "wrom3_pmos_m1_w1_120_sli_dli_da_p".
Reading "wrom3_nmos_m1_w0_360_sli_dli_da_p".
Reading "wrom3_contact_26".
Reading "wrom3_contact_27".
Reading "wrom3_pinv_0".
Reading "wrom3_pmos_m2_w1_260_sli_dli_da_p".
Reading "wrom3_nmos_m2_w0_740_sli_dli_da_p".
Reading "wrom3_pinv_1".
Reading "wrom3_pmos_m2_w3_000_sli_dli_da_p".
Reading "wrom3_nmos_m2_w2_000_sli_dli_da_p".
Reading "wrom3_pinv_2".
Reading "wrom3_pmos_m6_w3_000_sli_dli_da_p".
Reading "wrom3_nmos_m6_w3_000_sli_dli_da_p".
Reading "wrom3_pinv_3".
Reading "wrom3_pmos_m10_w5_000_sli_dli_da_p".
Reading "wrom3_nmos_m10_w3_000_sli_dli_da_p".
Reading "wrom3_rom_control_nand".
Reading "wrom3_pmos_m1_w1_120_sli_dli".
Reading "wrom3_nmos_m1_w0_740_sli_dactive".
Reading "wrom3_nmos_m1_w0_740_sactive_dli".
Reading "wrom3_rom_precharge_driver".
Reading "wrom3_pinv_4".
Reading "wrom3_pmos_m2_w2_000_sli_dli_da_p".
Reading "wrom3_nmos_m2_w1_260_sli_dli_da_p".
Reading "wrom3_pinv_5".
Reading "wrom3_pmos_m4_w3_000_sli_dli_da_p".
Reading "wrom3_nmos_m4_w2_000_sli_dli_da_p".
Reading "wrom3_pinv_6".
Reading "wrom3_pmos_m7_w5_000_sli_dli_da_p".
Reading "wrom3_nmos_m7_w3_000_sli_dli_da_p".
Reading "wrom3_pinv_7".
Reading "wrom3_pmos_m20_w5_000_sli_dli_da_p".
Reading "wrom3_nmos_m20_w5_000_sli_dli_da_p".
Reading "wrom3_rom_column_mux_array".
Reading "wrom3_rom_column_mux".
Reading "wrom3_nmos_m1_w2_880_sli_dli".
Reading "wrom3_contact_23".
Reading "wrom3_contact_24".
Reading "wrom3_contact_25".
Reading "wrom3_rom_column_decode".
Reading "wrom3_rom_column_decode_array".
Reading "wrom3_rom_precharge_array_1".
Reading "wrom3_rom_address_control_array_0".
Reading "wrom3_rom_column_decode_wordline_buffer".
Reading "wrom3_pinv_dec_2".
Reading "wrom3_rom_bitline_inverter".
Reading "wrom3_pinv_dec_3".
Reading "wrom3_pmos_m1_w5_000_sli_dli_da_p".
Reading "wrom3_nmos_m1_w1_680_sli_dli_da_p".
Reading "wrom3_rom_output_buffer".
Reading "wrom3_pinv_dec_4".
Reading "wrom3_contact_28".
Finished reading gds wrom3.gds
Finished loading cell wrom3
Writing 'wrom3_rom_poly_tap_1'
Writing 'wrom3_nmos_m4_w2_000_sli_dli_da_p'
Writing 'wrom3_rom_poly_tap_2'
Writing 'wrom3_rom_poly_tap_3'
Writing 'wrom3_nmos_m20_w5_000_sli_dli_da_p'
Writing 'wrom3_pmos_m2_w2_000_sli_dli_da_p'
Writing 'wrom3_rom_precharge_array'
Writing 'wrom3_rom_base_zero_cell'
Writing 'wrom3_pmos_m1_w5_000_sli_dli_da_p'
Writing 'wrom3_rom_precharge_driver'
Writing 'wrom3_pinv_0'
Writing 'wrom3_pinv_1'
Writing 'wrom3'
Writing 'wrom3_pmos_m7_w5_000_sli_dli_da_p'
Writing 'wrom3_pmos_m10_w5_000_sli_dli_da_p'
Writing 'wrom3_rom_base_array'
Writing 'wrom3_pmos_m6_w3_000_sli_dli_da_p'
Writing 'wrom3_pinv_2'
Writing 'wrom3_rom_row_decode_array'
Writing 'wrom3_pinv_3'
Writing 'wrom3_rom_clock_driver'
Writing 'wrom3_pinv_4'
Writing 'wrom3_nmos_m1_w0_740_sli_dactive'
Writing 'wrom3_pmos_m1_w1_120_sli_dli'
Writing 'wrom3_rom_address_control_buf'
Writing 'wrom3_pinv_5'
Writing 'wrom3_pmos_m1_w3_000_sli_dli_da_p'
Writing 'wrom3_pinv_6'
Writing 'wrom3_pinv_7'
Writing 'wrom3_nmos_m1_w0_740_sli_dli_da_p'
Writing 'wrom3_pinv'
Writing 'wrom3_pbuf_dec'
Writing 'wrom3_rom_address_control_array'
Writing 'wrom3_contact_8'
Writing 'wrom3_rom_column_decode_wordline_buffer'
Writing 'wrom3_rom_base_one_cell'
Writing 'wrom3_contact_9'
Writing 'wrom3_rom_bitline_inverter'
Writing 'wrom3_pmos_m2_w3_000_sli_dli_da_p'
Writing 'wrom3_pmos_m1_w1_120_sli_dli_da_p'
Writing 'wrom3_nmos_m1_w7_000_sli_dli_da_p'
Writing 'wrom3_contact_20'
Writing 'wrom3_precharge_cell'
Writing 'wrom3_rom_column_mux_array'
Writing 'wrom3_nmos_m2_w1_260_sli_dli_da_p'
Writing 'sky130_fd_bd_sram__openram_sp_nand2_dec'
Writing 'wrom3_nmos_m1_w1_680_sli_dli_da_p'
Writing 'wrom3_nmos_m2_w0_740_sli_dli_da_p'
Writing 'wrom3_contact_21'
Writing 'wrom3_contact_10'
Writing 'wrom3_nmos_m1_w0_740_sactive_dli'
Writing 'wrom3_contact_22'
Writing 'wrom3_contact_11'
Writing 'wrom3_contact_23'
Writing 'wrom3_inv_array_mod'
Writing 'wrom3_contact_12'
Writing 'wrom3_rom_output_buffer'
Writing 'wrom3_contact_24'
Writing 'wrom3_contact_13'
Writing 'wrom3_contact_25'
Writing 'wrom3_contact_14'
Writing 'wrom3_nmos_m2_w2_000_sli_dli_da_p'
Writing 'wrom3_contact_26'
Writing 'wrom3_nmos_m1_w0_360_sli_dli_da_p'
Writing 'wrom3_contact_15'
Writing 'wrom3_pmos_m20_w5_000_sli_dli_da_p'
Writing 'wrom3_contact_27'
Writing 'wrom3_contact_16'
Writing 'wrom3_contact_28'
Writing 'wrom3_contact_17'
Writing 'wrom3_nmos_m1_w2_880_sli_dli'
Writing 'wrom3_nmos_m10_w3_000_sli_dli_da_p'
Writing 'wrom3_contact_18'
Writing 'wrom3_rom_address_control_array_0'
Writing 'wrom3_rom_control_logic'
Writing 'wrom3_nmos_m6_w3_000_sli_dli_da_p'
Writing 'wrom3_contact_19'
Writing 'wrom3_rom_precharge_array_0'
Writing 'wrom3_rom_column_decode_array'
Writing 'wrom3_rom_precharge_array_1'
Writing 'wrom3_rom_row_decode_wordline_buffer'
Writing 'wrom3_pmos_m4_w3_000_sli_dli_da_p'
Writing 'wrom3_rom_column_mux'
Writing 'wrom3_pinv_dec_0'
Writing 'wrom3_rom_row_decode'
Writing 'wrom3_rom_column_decode'
Writing 'wrom3_nmos_m1_w3_000_sli_dli_da_p'
Writing 'wrom3_pinv_dec_1'
Writing 'wrom3_pmos_m1_w7_000_sli_dli_da_p'
Writing 'wrom3_nmos_m1_w0_360_sm1_dm1'
Writing 'wrom3_pmos_m2_w1_260_sli_dli_da_p'
Writing 'wrom3_pinv_dec_2'
Writing 'wrom3_pinv_dec_3'
Writing 'wrom3_nmos_m7_w3_000_sli_dli_da_p'
Writing 'wrom3_rom_poly_tap_0'
Writing 'wrom3_pinv_dec_4'
Writing 'wrom3_rom_control_nand'
Writing 'wrom3_pmos_m1_w0_420_sli_dm1'
Writing 'wrom3_rom_poly_tap'
Box must be present
The following types are not handled by extraction and will be treated as non-electrical types:
    ubm 
Extraction style is now "ngspice(si)"
Processing wrom3_pinv_dec_4
Processing wrom3_rom_output_buffer
Processing wrom3_pinv_dec_3
Processing wrom3_rom_bitline_inverter
Processing wrom3_pinv_dec_2
Processing wrom3_rom_column_decode_wordline_buffer
Processing sky130_fd_bd_sram__openram_sp_nand2_dec
Processing wrom3_inv_array_mod
Processing wrom3_rom_address_control_buf
Processing wrom3_rom_address_control_array_0
Processing wrom3_precharge_cell
Processing wrom3_rom_poly_tap_3
Processing wrom3_rom_precharge_array_1
Processing wrom3_rom_poly_tap_2
Processing wrom3_rom_base_one_cell
Processing wrom3_rom_poly_tap_1
Processing wrom3_rom_base_zero_cell
Processing wrom3_rom_column_decode_array
Processing wrom3_rom_column_decode
Processing wrom3_rom_column_mux
Processing wrom3_rom_column_mux_array
Processing wrom3_pinv_7
Processing wrom3_pinv_6
Processing wrom3_pinv_5
Processing wrom3_pinv_4
Processing wrom3_pinv
Processing wrom3_rom_precharge_driver
Processing wrom3_rom_control_nand
Processing wrom3_pinv_3
Processing wrom3_pinv_2
Processing wrom3_pinv_1
Processing wrom3_pinv_0
Processing wrom3_rom_clock_driver
Processing wrom3_rom_control_logic
Processing wrom3_pinv_dec_1
Processing wrom3_pinv_dec_0
Processing wrom3_pbuf_dec
Processing wrom3_rom_row_decode_wordline_buffer
Processing wrom3_rom_address_control_array
Processing wrom3_rom_precharge_array_0
Processing wrom3_rom_row_decode_array
Processing wrom3_rom_row_decode
Processing wrom3_rom_poly_tap_0
Processing wrom3_rom_precharge_array
Processing wrom3_rom_poly_tap
Processing wrom3_rom_base_array
Processing wrom3
Extracting wrom3_pinv_dec_4 into wrom3_pinv_dec_4.ext:
Extracting wrom3_rom_output_buffer into wrom3_rom_output_buffer.ext:
Extracting wrom3_pinv_dec_3 into wrom3_pinv_dec_3.ext:
Extracting wrom3_rom_bitline_inverter into wrom3_rom_bitline_inverter.ext:
Extracting wrom3_pinv_dec_2 into wrom3_pinv_dec_2.ext:
Extracting wrom3_rom_column_decode_wordline_buffer into wrom3_rom_column_decode_wordline_buffer.ext:
Extracting sky130_fd_bd_sram__openram_sp_nand2_dec into sky130_fd_bd_sram__openram_sp_nand2_dec.ext:
Extracting wrom3_inv_array_mod into wrom3_inv_array_mod.ext:
Extracting wrom3_rom_address_control_buf into wrom3_rom_address_control_buf.ext:
Extracting wrom3_rom_address_control_array_0 into wrom3_rom_address_control_array_0.ext:
Extracting wrom3_precharge_cell into wrom3_precharge_cell.ext:
Extracting wrom3_rom_poly_tap_3 into wrom3_rom_poly_tap_3.ext:
Extracting wrom3_rom_precharge_array_1 into wrom3_rom_precharge_array_1.ext:
Warning:  Ports "precharge_r" and "gate" are electrically shorted.
Extracting wrom3_rom_poly_tap_2 into wrom3_rom_poly_tap_2.ext:
Extracting wrom3_rom_base_one_cell into wrom3_rom_base_one_cell.ext:
Extracting wrom3_rom_poly_tap_1 into wrom3_rom_poly_tap_1.ext:
Extracting wrom3_rom_base_zero_cell into wrom3_rom_base_zero_cell.ext:
Warning:  Ports "D" and "S" are electrically shorted.
wrom3_rom_base_zero_cell: 1 warning
Extracting wrom3_rom_column_decode_array into wrom3_rom_column_decode_array.ext:
Extracting wrom3_rom_column_decode into wrom3_rom_column_decode.ext:
Extracting wrom3_rom_column_mux into wrom3_rom_column_mux.ext:
Extracting wrom3_rom_column_mux_array into wrom3_rom_column_mux_array.ext:
Extracting wrom3_pinv_7 into wrom3_pinv_7.ext:
Extracting wrom3_pinv_6 into wrom3_pinv_6.ext:
Extracting wrom3_pinv_5 into wrom3_pinv_5.ext:
Extracting wrom3_pinv_4 into wrom3_pinv_4.ext:
Extracting wrom3_pinv into wrom3_pinv.ext:
Extracting wrom3_rom_precharge_driver into wrom3_rom_precharge_driver.ext:
Extracting wrom3_rom_control_nand into wrom3_rom_control_nand.ext:
Extracting wrom3_pinv_3 into wrom3_pinv_3.ext:
Extracting wrom3_pinv_2 into wrom3_pinv_2.ext:
Extracting wrom3_pinv_1 into wrom3_pinv_1.ext:
Extracting wrom3_pinv_0 into wrom3_pinv_0.ext:
Extracting wrom3_rom_clock_driver into wrom3_rom_clock_driver.ext:
Extracting wrom3_rom_control_logic into wrom3_rom_control_logic.ext:
Extracting wrom3_pinv_dec_1 into wrom3_pinv_dec_1.ext:
Extracting wrom3_pinv_dec_0 into wrom3_pinv_dec_0.ext:
Extracting wrom3_pbuf_dec into wrom3_pbuf_dec.ext:
Extracting wrom3_rom_row_decode_wordline_buffer into wrom3_rom_row_decode_wordline_buffer.ext:
Extracting wrom3_rom_address_control_array into wrom3_rom_address_control_array.ext:
Extracting wrom3_rom_precharge_array_0 into wrom3_rom_precharge_array_0.ext:
Warning:  Ports "precharge_r" and "gate" are electrically shorted.
Extracting wrom3_rom_row_decode_array into wrom3_rom_row_decode_array.ext:
Extracting wrom3_rom_row_decode into wrom3_rom_row_decode.ext:
Extracting wrom3_rom_poly_tap_0 into wrom3_rom_poly_tap_0.ext:
Extracting wrom3_rom_precharge_array into wrom3_rom_precharge_array.ext:
Warning:  Ports "precharge_r" and "gate" are electrically shorted.
Extracting wrom3_rom_poly_tap into wrom3_rom_poly_tap.ext:
Extracting wrom3_rom_base_array into wrom3_rom_base_array.ext:
Created database crash recovery file /tmp//MAG166017.CErwbP
Extracting wrom3 into wrom3.ext:
Total of 1 warning.
device missing 1 terminal;
 connecting remainder to node D
Finished extract
Warning:  Ports "D" and "S" are electrically shorted.
Warning:  Ports "precharge_r" and "gate" are electrically shorted.
Warning:  Ports "precharge_r" and "gate" are electrically shorted.
Warning:  Ports "precharge_r" and "gate" are electrically shorted.
exttospice finished.
device missing 1 terminal;
 connecting remainder to node D
Finished ext2spice
Çrş 09 Eyl 2026 09:19:52 +03: Finished (0) GDS to MAG using Magic /nix/store/1zcyq032zc3mzhmgs2j3q2rmfrjj5v6b-magic-vlsi-8.3.629/bin/magic
